DespBala,VelocidadBala,EstatusAire,EstatuSuelo,partida 1,DespBala,VelocidadBala,EstatusAire,EstatuSuelo,partida 2,DespBala,VelocidadBala,EstatusAire,EstatuSuelo,partida 3,DespBala,VelocidadBala,EstatusAire,EstatuSuelo,partida 4,DespBala,VelocidadBala,EstatusAire,EstatuSuelo,partida 5
-650,-457,0,1,,-650,-457,0,1,,-650,-394,0,1,,-650,-775,0,1,,-650,-439,0,1,
-650,-457,0,1,,-650,-457,0,1,,-650,-394,0,1,,-650,-775,0,1,,-650,-439,0,1,
-635,-457,0,1,,-635,-457,0,1,,-637,-394,0,1,,-625,-775,0,1,,-636,-439,0,1,
-620,-457,0,1,,-620,-457,0,1,,-624,-394,0,1,,-599,-775,0,1,,-621,-439,0,1,
-605,-457,0,1,,-605,-457,0,1,,-611,-394,0,1,,-573,-775,0,1,,-607,-439,0,1,
-590,-457,0,1,,-590,-457,0,1,,-598,-394,0,1,,-547,-775,0,1,,-592,-439,0,1,
-574,-457,0,1,,-574,-457,0,1,,-585,-394,0,1,,-521,-775,0,1,,-577,-439,0,1,
-559,-457,0,1,,-559,-457,0,1,,-572,-394,0,1,,-495,-775,0,1,,-563,-439,0,1,
-544,-457,0,1,,-544,-457,0,1,,-559,-394,0,1,,-470,-775,0,1,,-548,-439,0,1,
-529,-457,0,1,,-529,-457,0,1,,-545,-394,0,1,,-444,-775,0,1,,-533,-439,0,1,
-513,-457,0,1,,-513,-457,0,1,,-532,-394,0,1,,-418,-775,0,1,,-519,-439,0,1,
-498,-457,0,1,,-498,-457,0,1,,-519,-394,0,1,,-392,-775,0,1,,-504,-439,0,1,
-483,-457,0,1,,-483,-457,0,1,,-506,-394,0,1,,-366,-775,0,1,,-490,-439,0,1,
-468,-457,0,1,,-468,-457,0,1,,-493,-394,0,1,,-340,-775,0,1,,-475,-439,0,1,
-452,-457,0,1,,-452,-457,0,1,,-480,-394,0,1,,-315,-775,0,1,,-460,-439,0,1,
-437,-457,0,1,,-437,-457,0,1,,-467,-394,0,1,,-289,-775,0,1,,-446,-439,0,1,
-422,-457,0,1,,-422,-457,0,1,,-454,-394,0,1,,-263,-775,0,1,,-431,-439,0,1,
-407,-457,0,1,,-407,-457,0,1,,-440,-394,0,1,,-237,-775,0,1,,-416,-439,0,1,
-392,-457,0,1,,-392,-457,0,1,,-427,-394,0,1,,-211,-775,0,1,,-402,-439,0,1,
-376,-457,0,1,,-376,-457,0,1,,-414,-394,0,1,,-185,-775,0,1,,-387,-439,0,1,
-361,-457,0,1,,-361,-457,0,1,,-401,-394,0,1,,-160,-775,0,1,,-372,-439,0,1,
-346,-457,0,1,,-346,-457,0,1,,-388,-394,0,1,,-134,-775,0,1,,-358,-439,0,1,
-331,-457,0,1,,-331,-457,0,1,,-375,-394,0,1,,-108,-775,1,0,,-343,-439,0,1,
-315,-457,0,1,,-315,-457,0,1,,-362,-394,0,1,,-82,-775,1,0,,-329,-439,0,1,
-300,-457,0,1,,-300,-457,0,1,,-348,-394,0,1,,-56,-775,1,0,,-314,-439,0,1,
-285,-457,0,1,,-285,-457,0,1,,-335,-394,0,1,,-30,-775,1,0,,-299,-439,0,1,
-270,-457,0,1,,-270,-457,0,1,,-322,-394,0,1,,-5,-775,1,0,,-285,-439,0,1,
-254,-457,0,1,,-254,-457,0,1,,-309,-394,0,1,,21,-775,1,0,,-270,-439,0,1,
-239,-457,0,1,,-239,-457,0,1,,-296,-394,0,1,,47,-775,1,0,,-255,-439,0,1,
-224,-457,0,1,,-224,-457,0,1,,-283,-394,0,1,,50,-775,1,0,,-241,-439,0,1,
-209,-457,0,1,,-209,-457,0,1,,-270,-394,0,1,,-650,-704,1,0,,-226,-439,0,1,
-193,-457,0,1,,-193,-457,0,1,,-257,-394,0,1,,-650,-704,1,0,,-212,-439,0,1,
-178,-457,0,1,,-178,-457,0,1,,-243,-394,0,1,,-627,-704,1,0,,-197,-439,1,0,
-163,-457,0,1,,-163,-457,0,1,,-230,-394,0,1,,-604,-704,1,0,,-182,-439,1,0,
-148,-457,0,1,,-148,-457,0,1,,-217,-394,0,1,,-580,-704,1,0,,-168,-439,1,0,
-133,-457,1,0,,-133,-457,1,0,,-204,-394,0,1,,-557,-704,1,0,,-153,-439,1,0,
-117,-457,1,0,,-117,-457,1,0,,-191,-394,0,1,,-533,-704,1,0,,-138,-439,1,0,
-102,-457,1,0,,-102,-457,1,0,,-178,-394,0,1,,-510,-704,1,0,,-124,-439,1,0,
-87,-457,1,0,,-87,-457,1,0,,-165,-394,0,1,,-486,-704,1,0,,-109,-439,1,0,
-72,-457,1,0,,-72,-457,1,0,,-151,-394,0,1,,-463,-704,0,1,,-94,-439,1,0,
-56,-457,1,0,,-56,-457,1,0,,-138,-394,1,0,,-439,-704,0,1,,-80,-439,1,0,
-41,-457,1,0,,-41,-457,1,0,,-125,-394,1,0,,-416,-704,0,1,,-65,-439,1,0,
-26,-457,1,0,,-26,-457,1,0,,-112,-394,1,0,,-392,-704,0,1,,-51,-439,1,0,
-11,-457,1,0,,-11,-457,1,0,,-99,-394,1,0,,-369,-704,0,1,,-36,-439,1,0,
5,-457,1,0,,5,-457,1,0,,-86,-394,1,0,,-345,-704,0,1,,-21,-439,1,0,
20,-457,1,0,,20,-457,1,0,,-73,-394,1,0,,-322,-704,0,1,,-7,-439,1,0,
35,-457,1,0,,35,-457,1,0,,-60,-394,1,0,,-298,-704,0,1,,8,-439,1,0,
50,-457,1,0,,50,-457,1,0,,-46,-394,1,0,,-275,-704,0,1,,23,-439,1,0,
-650,-487,1,0,,-650,-487,1,0,,-33,-394,1,0,,-252,-704,0,1,,37,-439,1,0,
-650,-487,1,0,,-650,-487,1,0,,-20,-394,1,0,,-228,-704,0,1,,50,-439,1,0,
-634,-487,1,0,,-634,-487,1,0,,-7,-394,1,0,,-205,-704,1,0,,-650,-678,1,0,
-618,-487,1,0,,-618,-487,1,0,,6,-394,1,0,,-181,-704,1,0,,-650,-678,1,0,
-602,-487,1,0,,-602,-487,1,0,,19,-394,1,0,,-158,-704,1,0,,-628,-678,1,0,
-586,-487,1,0,,-586,-487,1,0,,32,-394,1,0,,-134,-704,1,0,,-605,-678,1,0,
-569,-487,1,0,,-569,-487,1,0,,46,-394,1,0,,-111,-704,1,0,,-583,-678,0,1,
-553,-487,1,0,,-553,-487,1,0,,50,-394,1,0,,-87,-704,1,0,,-560,-678,1,0,
-537,-487,0,1,,-537,-487,0,1,,-650,-730,1,0,,-64,-704,1,0,,-537,-678,1,0,
-521,-487,0,1,,-521,-487,0,1,,-650,-730,1,0,,-40,-704,1,0,,-515,-678,1,0,
-504,-487,0,1,,-504,-487,0,1,,-626,-730,1,0,,-17,-704,1,0,,-492,-678,1,0,
-488,-487,0,1,,-488,-487,0,1,,-602,-730,1,0,,7,-704,1,0,,-470,-678,1,0,
-472,-487,0,1,,-472,-487,0,1,,-577,-730,1,0,,30,-704,1,0,,-447,-678,1,0,
-456,-487,0,1,,-456,-487,0,1,,-553,-730,1,0,,50,-704,1,0,,-424,-678,1,0,
-439,-487,0,1,,-439,-487,0,1,,-529,-730,0,1,,-650,-563,1,0,,-402,-678,1,0,
-423,-487,0,1,,-423,-487,0,1,,-504,-730,0,1,,-650,-563,1,0,,-379,-678,1,0,
-407,-487,0,1,,-407,-487,0,1,,-480,-730,0,1,,-632,-563,1,0,,-357,-678,1,0,
-391,-487,0,1,,-391,-487,0,1,,-456,-730,0,1,,-613,-563,1,0,,-334,-678,1,0,
-375,-487,0,1,,-375,-487,0,1,,-431,-730,0,1,,-594,-563,1,0,,-311,-678,1,0,
-358,-487,0,1,,-358,-487,0,1,,-407,-730,0,1,,-575,-563,1,0,,-289,-678,1,0,
-342,-487,0,1,,-342,-487,0,1,,-383,-730,0,1,,-557,-563,1,0,,-266,-678,1,0,
-326,-487,0,1,,-326,-487,0,1,,-358,-730,0,1,,-538,-563,1,0,,-244,-678,1,0,
-310,-487,0,1,,-310,-487,0,1,,-334,-730,0,1,,-519,-563,0,1,,-221,-678,1,0,
-293,-487,0,1,,-293,-487,0,1,,-310,-730,0,1,,-500,-563,0,1,,-198,-678,1,0,
-277,-487,0,1,,-277,-487,0,1,,-285,-730,0,1,,-482,-563,0,1,,-176,-678,1,0,
-261,-487,0,1,,-261,-487,0,1,,-261,-730,0,1,,-463,-563,0,1,,-153,-678,1,0,
-245,-487,0,1,,-245,-487,0,1,,-237,-730,0,1,,-444,-563,0,1,,-131,-678,0,1,
-228,-487,0,1,,-228,-487,0,1,,-212,-730,0,1,,-425,-563,0,1,,-108,-678,0,1,
-212,-487,0,1,,-212,-487,0,1,,-188,-730,0,1,,-407,-563,0,1,,-85,-678,0,1,
-196,-487,0,1,,-196,-487,0,1,,-164,-730,1,0,,-388,-563,0,1,,-63,-678,0,1,
-180,-487,0,1,,-180,-487,0,1,,-139,-730,1,0,,-369,-563,0,1,,-40,-678,0,1,
-163,-487,0,1,,-163,-487,0,1,,-115,-730,1,0,,-350,-563,0,1,,,,,,
-147,-487,0,1,,-147,-487,0,1,,-91,-730,1,0,,-331,-563,0,1,,,,,,
-131,-487,1,0,,-131,-487,1,0,,-66,-730,1,0,,-313,-563,0,1,,,,,,
-115,-487,1,0,,-115,-487,1,0,,-42,-730,1,0,,-294,-563,0,1,,,,,,
-99,-487,1,0,,-99,-487,1,0,,-18,-730,1,0,,-275,-563,0,1,,,,,,
-82,-487,1,0,,-82,-487,1,0,,7,-730,1,0,,-256,-563,0,1,,,,,,
-66,-487,1,0,,-66,-487,1,0,,31,-730,1,0,,-238,-563,0,1,,,,,,
-50,-487,1,0,,-50,-487,1,0,,50,-730,1,0,,-219,-563,1,0,,,,,,
-34,-487,1,0,,-34,-487,1,0,,-650,-786,1,0,,-200,-563,1,0,,,,,,
-17,-487,1,0,,-17,-487,1,0,,-650,-786,1,0,,-181,-563,1,0,,,,,,
-1,-487,1,0,,-1,-487,1,0,,-624,-786,1,0,,-163,-563,1,0,,,,,,
15,-487,1,0,,15,-487,1,0,,-598,-786,1,0,,-144,-563,1,0,,,,,,
31,-487,1,0,,31,-487,1,0,,-572,-786,1,0,,-125,-563,1,0,,,,,,
48,-487,1,0,,48,-487,1,0,,-546,-786,1,0,,-106,-563,1,0,,,,,,
50,-487,1,0,,50,-487,1,0,,-519,-786,1,0,,-88,-563,1,0,,,,,,
-650,-302,1,0,,-650,-302,1,0,,-493,-786,1,0,,-69,-563,1,0,,,,,,
-650,-302,1,0,,-650,-302,1,0,,-467,-786,1,0,,-50,-563,1,0,,,,,,
-640,-302,1,0,,-640,-302,1,0,,-441,-786,0,1,,-31,-563,1,0,,,,,,
-630,-302,1,0,,-630,-302,1,0,,-415,-786,0,1,,-12,-563,1,0,,,,,,
-620,-302,1,0,,-620,-302,1,0,,-388,-786,0,1,,6,-563,1,0,,,,,,
-610,-302,1,0,,-610,-302,1,0,,-362,-786,0,1,,25,-563,1,0,,,,,,
-600,-302,1,0,,-600,-302,1,0,,-336,-786,0,1,,44,-563,1,0,,,,,,
-590,-302,1,0,,-590,-302,1,0,,-310,-786,0,1,,50,-563,1,0,,,,,,
-580,-302,0,1,,-580,-302,0,1,,-284,-786,0,1,,-650,-796,1,0,,,,,,
-570,-302,0,1,,-570,-302,0,1,,-257,-786,0,1,,-650,-796,1,0,,,,,,
-560,-302,0,1,,-560,-302,0,1,,-231,-786,0,1,,-624,-796,1,0,,,,,,
-550,-302,0,1,,-550,-302,0,1,,-205,-786,0,1,,-597,-796,1,0,,,,,,
-540,-302,0,1,,-540,-302,0,1,,-179,-786,1,0,,-571,-796,1,0,,,,,,
-530,-302,0,1,,-530,-302,0,1,,-153,-786,1,0,,-544,-796,1,0,,,,,,
-520,-302,0,1,,-520,-302,0,1,,-126,-786,1,0,,-518,-796,0,1,,,,,,
-510,-302,0,1,,-510,-302,0,1,,-100,-786,1,0,,-491,-796,0,1,,,,,,
-499,-302,0,1,,-499,-302,0,1,,-74,-786,1,0,,-465,-796,0,1,,,,,,
-489,-302,0,1,,-489,-302,0,1,,-48,-786,1,0,,-438,-796,0,1,,,,,,
-479,-302,0,1,,-479,-302,0,1,,-22,-786,1,0,,-412,-796,0,1,,,,,,
-469,-302,0,1,,-469,-302,0,1,,5,-786,1,0,,-385,-796,0,1,,,,,,
-459,-302,0,1,,-459,-302,0,1,,31,-786,1,0,,-359,-796,0,1,,,,,,
-449,-302,0,1,,-449,-302,0,1,,50,-786,1,0,,-332,-796,0,1,,,,,,
-439,-302,0,1,,-439,-302,0,1,,-650,-756,1,0,,-306,-796,0,1,,,,,,
-429,-302,0,1,,-429,-302,0,1,,-650,-756,1,0,,-279,-796,0,1,,,,,,
-419,-302,0,1,,-419,-302,0,1,,-625,-756,1,0,,-253,-796,1,0,,,,,,
-409,-302,0,1,,-409,-302,0,1,,-600,-756,1,0,,-226,-796,1,0,,,,,,
-399,-302,0,1,,-399,-302,0,1,,-575,-756,1,0,,-199,-796,1,0,,,,,,
-389,-302,0,1,,-389,-302,0,1,,-550,-756,1,0,,-173,-796,1,0,,,,,,
-379,-302,0,1,,-379,-302,0,1,,-524,-756,1,0,,-146,-796,1,0,,,,,,
-369,-302,0,1,,-369,-302,0,1,,-499,-756,1,0,,-120,-796,1,0,,,,,,
-359,-302,0,1,,-359,-302,0,1,,-474,-756,1,0,,-93,-796,1,0,,,,,,
-348,-302,0,1,,-348,-302,0,1,,-449,-756,0,1,,-67,-796,1,0,,,,,,
-338,-302,0,1,,-338,-302,0,1,,-424,-756,0,1,,-40,-796,1,0,,,,,,
-328,-302,0,1,,-328,-302,0,1,,-398,-756,0,1,,-14,-796,1,0,,,,,,
-318,-302,0,1,,-318,-302,0,1,,-373,-756,0,1,,13,-796,1,0,,,,,,
-308,-302,0,1,,-308,-302,0,1,,-348,-756,1,0,,39,-796,1,0,,,,,,
-298,-302,0,1,,-298,-302,0,1,,-323,-756,1,0,,50,-796,1,0,,,,,,
-288,-302,0,1,,-288,-302,0,1,,-298,-756,1,0,,-650,-694,1,0,,,,,,
-278,-302,0,1,,-278,-302,0,1,,-272,-756,1,0,,-650,-694,1,0,,,,,,
-268,-302,0,1,,-268,-302,0,1,,-247,-756,1,0,,-627,-694,1,0,,,,,,
-258,-302,0,1,,-258,-302,0,1,,-222,-756,1,0,,-604,-694,1,0,,,,,,
-248,-302,0,1,,-248,-302,0,1,,-197,-756,1,0,,-581,-694,1,0,,,,,,
-238,-302,0,1,,-238,-302,0,1,,-172,-756,1,0,,-558,-694,1,0,,,,,,
-228,-302,0,1,,-228,-302,0,1,,-146,-756,1,0,,-535,-694,1,0,,,,,,
-218,-302,0,1,,-218,-302,0,1,,-121,-756,1,0,,-512,-694,1,0,,,,,,
-208,-302,0,1,,-208,-302,0,1,,-96,-756,1,0,,-489,-694,0,1,,,,,,
-197,-302,0,1,,-197,-302,0,1,,-71,-756,1,0,,-465,-694,0,1,,,,,,
-187,-302,0,1,,-187,-302,0,1,,-46,-756,1,0,,-442,-694,0,1,,,,,,
-177,-302,0,1,,-177,-302,0,1,,-20,-756,1,0,,-419,-694,0,1,,,,,,
-167,-302,0,1,,-167,-302,0,1,,5,-756,1,0,,-396,-694,0,1,,,,,,
-157,-302,0,1,,-157,-302,0,1,,30,-756,1,0,,-373,-694,0,1,,,,,,
-147,-302,0,1,,-147,-302,0,1,,50,-756,1,0,,-350,-694,0,1,,,,,,
-137,-302,1,0,,-137,-302,1,0,,-650,-476,1,0,,-327,-694,0,1,,,,,,
-127,-302,1,0,,-127,-302,1,0,,-650,-476,1,0,,-304,-694,0,1,,,,,,
-117,-302,1,0,,-117,-302,1,0,,-635,-476,1,0,,-280,-694,0,1,,,,,,
-107,-302,1,0,,-107,-302,1,0,,-619,-476,1,0,,-257,-694,0,1,,,,,,
-97,-302,1,0,,-97,-302,1,0,,-603,-476,1,0,,-234,-694,0,1,,,,,,
-87,-302,1,0,,-87,-302,1,0,,-587,-476,0,1,,-211,-694,0,1,,,,,,
-77,-302,1,0,,-77,-302,1,0,,-571,-476,0,1,,-188,-694,0,1,,,,,,
-67,-302,1,0,,-67,-302,1,0,,-555,-476,1,0,,-165,-694,0,1,,,,,,
-57,-302,1,0,,-57,-302,1,0,,-539,-476,1,0,,-142,-694,1,0,,,,,,
-46,-302,1,0,,-46,-302,1,0,,-524,-476,1,0,,-118,-694,1,0,,,,,,
-36,-302,1,0,,-36,-302,1,0,,-508,-476,1,0,,-95,-694,1,0,,,,,,
-26,-302,1,0,,-26,-302,1,0,,-492,-476,1,0,,-72,-694,1,0,,,,,,
-16,-302,1,0,,-16,-302,1,0,,-476,-476,1,0,,-49,-694,1,0,,,,,,
-6,-302,1,0,,-6,-302,1,0,,-460,-476,1,0,,-26,-694,1,0,,,,,,
4,-302,1,0,,4,-302,1,0,,-444,-476,1,0,,-3,-694,1,0,,,,,,
14,-302,1,0,,14,-302,1,0,,-428,-476,1,0,,20,-694,1,0,,,,,,
24,-302,1,0,,24,-302,1,0,,-412,-476,1,0,,43,-694,1,0,,,,,,
34,-302,1,0,,34,-302,1,0,,-397,-476,1,0,,50,-694,1,0,,,,,,
44,-302,1,0,,44,-302,1,0,,-381,-476,1,0,,-650,-538,1,0,,,,,,
50,-302,0,1,,50,-302,0,1,,-365,-476,1,0,,-650,-538,1,0,,,,,,
-650,-745,0,1,,-650,-745,0,1,,-349,-476,1,0,,-633,-538,1,0,,,,,,
-650,-745,0,1,,-650,-745,0,1,,-333,-476,1,0,,-615,-538,1,0,,,,,,
-626,-745,0,1,,-626,-745,0,1,,-317,-476,1,0,,-597,-538,1,0,,,,,,
-601,-745,0,1,,-601,-745,0,1,,-301,-476,1,0,,-579,-538,1,0,,,,,,
-576,-745,0,1,,-576,-745,0,1,,-286,-476,1,0,,-561,-538,1,0,,,,,,
-551,-745,0,1,,-551,-745,0,1,,-270,-476,1,0,,-543,-538,1,0,,,,,,
-526,-745,0,1,,-526,-745,0,1,,-254,-476,0,1,,-525,-538,1,0,,,,,,
-501,-745,0,1,,-501,-745,0,1,,-238,-476,0,1,,-507,-538,0,1,,,,,,
-477,-745,0,1,,-477,-745,0,1,,-222,-476,0,1,,-489,-538,0,1,,,,,,
-452,-745,0,1,,-452,-745,0,1,,-206,-476,1,0,,-471,-538,0,1,,,,,,
-427,-745,0,1,,-427,-745,0,1,,-190,-476,1,0,,-453,-538,0,1,,,,,,
-402,-745,0,1,,-402,-745,0,1,,-174,-476,1,0,,-435,-538,0,1,,,,,,
-377,-745,0,1,,-377,-745,0,1,,-159,-476,1,0,,-417,-538,0,1,,,,,,
-352,-745,0,1,,-352,-745,0,1,,-143,-476,1,0,,-399,-538,0,1,,,,,,
-328,-745,0,1,,-328,-745,0,1,,-127,-476,1,0,,-382,-538,0,1,,,,,,
-303,-745,0,1,,-303,-745,0,1,,-111,-476,1,0,,-364,-538,0,1,,,,,,
-278,-745,0,1,,-278,-745,0,1,,-95,-476,1,0,,-346,-538,0,1,,,,,,
-253,-745,0,1,,-253,-745,0,1,,-79,-476,1,0,,-328,-538,0,1,,,,,,
-228,-745,0,1,,-228,-745,0,1,,-63,-476,1,0,,-310,-538,0,1,,,,,,
-203,-745,1,0,,-203,-745,1,0,,-48,-476,1,0,,-292,-538,0,1,,,,,,
-179,-745,1,0,,-179,-745,1,0,,-32,-476,1,0,,-274,-538,0,1,,,,,,
-154,-745,1,0,,-154,-745,1,0,,-16,-476,1,0,,-256,-538,0,1,,,,,,
-129,-745,1,0,,-129,-745,1,0,,0,-476,1,0,,-238,-538,0,1,,,,,,
-104,-745,1,0,,-104,-745,1,0,,16,-476,1,0,,-220,-538,0,1,,,,,,
-79,-745,1,0,,-79,-745,1,0,,32,-476,1,0,,-202,-538,0,1,,,,,,
-54,-745,1,0,,-54,-745,1,0,,48,-476,1,0,,-184,-538,0,1,,,,,,
-30,-745,1,0,,-30,-745,1,0,,50,-476,1,0,,-166,-538,1,0,,,,,,
-5,-745,1,0,,-5,-745,1,0,,-650,-672,1,0,,-148,-538,1,0,,,,,,
20,-745,1,0,,20,-745,1,0,,-650,-672,1,0,,-130,-538,1,0,,,,,,
45,-745,1,0,,45,-745,1,0,,-628,-672,1,0,,-113,-538,1,0,,,,,,
50,-745,1,0,,50,-745,1,0,,-606,-672,1,0,,-95,-538,1,0,,,,,,
-650,-459,1,0,,-650,-459,1,0,,-583,-672,0,1,,-77,-538,1,0,,,,,,
-650,-459,1,0,,-650,-459,1,0,,-561,-672,0,1,,-59,-538,1,0,,,,,,
-635,-459,1,0,,-635,-459,1,0,,-539,-672,0,1,,-41,-538,1,0,,,,,,
-620,-459,1,0,,-620,-459,1,0,,-516,-672,0,1,,-23,-538,1,0,,,,,,
-605,-459,1,0,,-605,-459,1,0,,-494,-672,0,1,,-5,-538,1,0,,,,,,
-589,-459,1,0,,-589,-459,1,0,,-471,-672,0,1,,13,-538,1,0,,,,,,
-574,-459,1,0,,-574,-459,1,0,,-449,-672,0,1,,31,-538,1,0,,,,,,
-559,-459,1,0,,-559,-459,1,0,,-427,-672,0,1,,49,-538,1,0,,,,,,
-543,-459,0,1,,-543,-459,0,1,,-404,-672,0,1,,50,-538,1,0,,,,,,
-528,-459,0,1,,-528,-459,0,1,,-382,-672,0,1,,-650,-568,1,0,,,,,,
-513,-459,0,1,,-513,-459,0,1,,-359,-672,0,1,,-650,-568,1,0,,,,,,
-498,-459,0,1,,-498,-459,0,1,,-337,-672,0,1,,-632,-568,1,0,,,,,,
-482,-459,0,1,,-482,-459,0,1,,-315,-672,0,1,,-613,-568,1,0,,,,,,
-467,-459,0,1,,-467,-459,0,1,,-292,-672,0,1,,-594,-568,1,0,,,,,,
-452,-459,0,1,,-452,-459,0,1,,-270,-672,0,1,,-575,-568,1,0,,,,,,
-436,-459,0,1,,-436,-459,0,1,,-247,-672,0,1,,-556,-568,1,0,,,,,,
-421,-459,0,1,,-421,-459,0,1,,-225,-672,1,0,,-537,-568,1,0,,,,,,
-406,-459,0,1,,-406,-459,0,1,,-203,-672,1,0,,-518,-568,0,1,,,,,,
-390,-459,0,1,,-390,-459,0,1,,-180,-672,1,0,,-499,-568,0,1,,,,,,
-375,-459,0,1,,-375,-459,0,1,,-158,-672,1,0,,-480,-568,0,1,,,,,,
-360,-459,0,1,,-360,-459,0,1,,-135,-672,1,0,,-461,-568,0,1,,,,,,
-345,-459,0,1,,-345,-459,0,1,,-113,-672,1,0,,-442,-568,0,1,,,,,,
-329,-459,0,1,,-329,-459,0,1,,-91,-672,1,0,,-423,-568,0,1,,,,,,
-314,-459,0,1,,-314,-459,0,1,,-68,-672,1,0,,-404,-568,0,1,,,,,,
-299,-459,0,1,,-299,-459,0,1,,-46,-672,1,0,,-385,-568,0,1,,,,,,
-283,-459,0,1,,-283,-459,0,1,,-23,-672,1,0,,-367,-568,0,1,,,,,,
-268,-459,0,1,,-268,-459,0,1,,-1,-672,1,0,,-348,-568,0,1,,,,,,
-253,-459,0,1,,-253,-459,0,1,,21,-672,1,0,,-329,-568,0,1,,,,,,
-237,-459,0,1,,-237,-459,0,1,,44,-672,1,0,,-310,-568,0,1,,,,,,
-222,-459,0,1,,-222,-459,0,1,,50,-672,1,0,,-291,-568,0,1,,,,,,
-207,-459,0,1,,-207,-459,0,1,,-650,-532,1,0,,-272,-568,0,1,,,,,,
-192,-459,0,1,,-192,-459,0,1,,-650,-532,1,0,,-253,-568,0,1,,,,,,
-176,-459,0,1,,-176,-459,0,1,,-633,-532,1,0,,-234,-568,0,1,,,,,,
-161,-459,0,1,,-161,-459,0,1,,-615,-532,1,0,,-215,-568,0,1,,,,,,
-146,-459,0,1,,-146,-459,0,1,,-597,-532,1,0,,-196,-568,0,1,,,,,,
-130,-459,0,1,,-130,-459,0,1,,-580,-532,1,0,,-177,-568,1,0,,,,,,
-115,-459,0,1,,-115,-459,0,1,,-562,-532,1,0,,-158,-568,1,0,,,,,,
-100,-459,1,0,,-100,-459,1,0,,-544,-532,1,0,,-139,-568,1,0,,,,,,
-84,-459,1,0,,-84,-459,1,0,,-526,-532,0,1,,-120,-568,1,0,,,,,,
-69,-459,1,0,,-69,-459,1,0,,-509,-532,0,1,,-101,-568,1,0,,,,,,
-54,-459,1,0,,-54,-459,1,0,,-491,-532,0,1,,-83,-568,1,0,,,,,,
-39,-459,1,0,,-39,-459,1,0,,-473,-532,0,1,,-64,-568,1,0,,,,,,
-23,-459,1,0,,-23,-459,1,0,,-455,-532,0,1,,-45,-568,1,0,,,,,,
-8,-459,1,0,,-8,-459,1,0,,-438,-532,0,1,,-26,-568,1,0,,,,,,
7,-459,1,0,,7,-459,1,0,,-420,-532,0,1,,-7,-568,1,0,,,,,,
23,-459,1,0,,23,-459,1,0,,-402,-532,0,1,,12,-568,1,0,,,,,,
38,-459,1,0,,38,-459,1,0,,-384,-532,0,1,,31,-568,1,0,,,,,,
50,-459,1,0,,50,-459,1,0,,-367,-532,0,1,,50,-568,1,0,,,,,,
-650,-642,1,0,,-650,-642,1,0,,-349,-532,0,1,,-650,-651,1,0,,,,,,
-650,-642,1,0,,-650,-642,1,0,,-331,-532,0,1,,-650,-651,1,0,,,,,,
-629,-642,1,0,,-629,-642,1,0,,-314,-532,0,1,,-629,-651,1,0,,,,,,
-608,-642,1,0,,-608,-642,1,0,,-296,-532,0,1,,-607,-651,1,0,,,,,,
-586,-642,1,0,,-586,-642,1,0,,-278,-532,0,1,,-585,-651,1,0,,,,,,
-565,-642,1,0,,-565,-642,1,0,,-260,-532,0,1,,-564,-651,1,0,,,,,,
-544,-642,1,0,,-544,-642,1,0,,-243,-532,1,0,,-542,-651,1,0,,,,,,
-522,-642,1,0,,-522,-642,1,0,,-225,-532,1,0,,-520,-651,1,0,,,,,,
-501,-642,1,0,,-501,-642,1,0,,-207,-532,1,0,,-499,-651,0,1,,,,,,
-479,-642,0,1,,-479,-642,0,1,,-189,-532,1,0,,-477,-651,0,1,,,,,,
-458,-642,0,1,,-458,-642,0,1,,-172,-532,1,0,,-455,-651,0,1,,,,,,
-437,-642,0,1,,-437,-642,0,1,,-154,-532,1,0,,-433,-651,0,1,,,,,,
-415,-642,0,1,,-415,-642,0,1,,-136,-532,1,0,,-412,-651,0,1,,,,,,
-394,-642,0,1,,-394,-642,0,1,,-118,-532,1,0,,-390,-651,0,1,,,,,,
-372,-642,0,1,,-372,-642,0,1,,-101,-532,1,0,,-368,-651,0,1,,,,,,
-351,-642,0,1,,-351,-642,0,1,,-83,-532,1,0,,-347,-651,0,1,,,,,,
-330,-642,0,1,,-330,-642,0,1,,-65,-532,1,0,,-325,-651,0,1,,,,,,
-308,-642,1,0,,-308,-642,1,0,,-48,-532,1,0,,-303,-651,0,1,,,,,,
-287,-642,1,0,,-287,-642,1,0,,-30,-532,1,0,,-282,-651,0,1,,,,,,
-265,-642,1,0,,-265,-642,1,0,,-12,-532,1,0,,-260,-651,0,1,,,,,,
-244,-642,1,0,,-244,-642,1,0,,6,-532,1,0,,-238,-651,0,1,,,,,,
-223,-642,1,0,,-223,-642,1,0,,23,-532,1,0,,-216,-651,0,1,,,,,,
-201,-642,1,0,,-201,-642,1,0,,41,-532,1,0,,-195,-651,0,1,,,,,,
-180,-642,1,0,,-180,-642,1,0,,50,-532,1,0,,-173,-651,0,1,,,,,,
-158,-642,1,0,,-158,-642,1,0,,-650,-686,1,0,,-151,-651,0,1,,,,,,
-137,-642,1,0,,-137,-642,1,0,,-650,-686,1,0,,-130,-651,1,0,,,,,,
-116,-642,1,0,,-116,-642,1,0,,-628,-686,1,0,,-108,-651,1,0,,,,,,
-94,-642,1,0,,-94,-642,1,0,,-605,-686,1,0,,-86,-651,1,0,,,,,,
-73,-642,1,0,,-73,-642,1,0,,-582,-686,0,1,,-65,-651,1,0,,,,,,
-51,-642,1,0,,-51,-642,1,0,,-559,-686,0,1,,-43,-651,1,0,,,,,,
-30,-642,1,0,,-30,-642,1,0,,-536,-686,0,1,,-21,-651,1,0,,,,,,
-9,-642,1,0,,-9,-642,1,0,,-513,-686,0,1,,1,-651,1,0,,,,,,
13,-642,1,0,,13,-642,1,0,,-490,-686,0,1,,22,-651,1,0,,,,,,
34,-642,1,0,,34,-642,1,0,,-468,-686,0,1,,44,-651,1,0,,,,,,
50,-642,1,0,,50,-642,1,0,,-445,-686,0,1,,50,-651,1,0,,,,,,
-650,-504,1,0,,-650,-504,1,0,,-422,-686,0,1,,-650,-600,1,0,,,,,,
-650,-504,1,0,,-650,-504,1,0,,-399,-686,0,1,,-650,-600,1,0,,,,,,
-634,-504,1,0,,-634,-504,1,0,,-376,-686,0,1,,-630,-600,1,0,,,,,,
-617,-504,1,0,,-617,-504,1,0,,-353,-686,0,1,,-610,-600,1,0,,,,,,
-600,-504,0,1,,-600,-504,0,1,,-330,-686,0,1,,-590,-600,1,0,,,,,,
-583,-504,1,0,,-583,-504,1,0,,-307,-686,0,1,,-570,-600,1,0,,,,,,
-567,-504,1,0,,-567,-504,1,0,,-285,-686,0,1,,-550,-600,1,0,,,,,,
-550,-504,1,0,,-550,-504,1,0,,-262,-686,1,0,,-530,-600,1,0,,,,,,
-533,-504,1,0,,-533,-504,1,0,,-239,-686,1,0,,-510,-600,1,0,,,,,,
-516,-504,1,0,,-516,-504,1,0,,-216,-686,1,0,,-490,-600,0,1,,,,,,
-499,-504,1,0,,-499,-504,1,0,,-193,-686,1,0,,-470,-600,0,1,,,,,,
-483,-504,1,0,,-483,-504,1,0,,-170,-686,1,0,,-450,-600,0,1,,,,,,
-466,-504,1,0,,-466,-504,1,0,,-147,-686,1,0,,-430,-600,0,1,,,,,,
-449,-504,1,0,,-449,-504,1,0,,-125,-686,1,0,,-410,-600,0,1,,,,,,
-432,-504,1,0,,-432,-504,1,0,,-102,-686,1,0,,-390,-600,0,1,,,,,,
-415,-504,1,0,,-415,-504,1,0,,-79,-686,1,0,,-370,-600,0,1,,,,,,
-399,-504,1,0,,-399,-504,1,0,,-56,-686,1,0,,-350,-600,0,1,,,,,,
-382,-504,1,0,,-382,-504,1,0,,-33,-686,1,0,,-330,-600,0,1,,,,,,
-365,-504,1,0,,-365,-504,1,0,,-10,-686,1,0,,-310,-600,0,1,,,,,,
-348,-504,1,0,,-348,-504,1,0,,13,-686,1,0,,-290,-600,0,1,,,,,,
-331,-504,1,0,,-331,-504,1,0,,36,-686,1,0,,-270,-600,0,1,,,,,,
-315,-504,1,0,,-315,-504,1,0,,50,-686,1,0,,-250,-600,0,1,,,,,,
-298,-504,1,0,,-298,-504,1,0,,-650,-711,1,0,,-230,-600,0,1,,,,,,
-281,-504,1,0,,-281,-504,1,0,,-650,-711,1,0,,-210,-600,0,1,,,,,,
-264,-504,0,1,,-264,-504,0,1,,-627,-711,1,0,,-190,-600,0,1,,,,,,
-247,-504,0,1,,-247,-504,0,1,,-603,-711,1,0,,-170,-600,0,1,,,,,,
-231,-504,0,1,,-231,-504,0,1,,-579,-711,1,0,,-150,-600,0,1,,,,,,
-214,-504,1,0,,-214,-504,1,0,,-556,-711,1,0,,-130,-600,1,0,,,,,,
-197,-504,1,0,,-197,-504,1,0,,-532,-711,1,0,,-110,-600,1,0,,,,,,
-180,-504,1,0,,-180,-504,1,0,,-508,-711,0,1,,-90,-600,1,0,,,,,,
-163,-504,1,0,,-163,-504,1,0,,-485,-711,0,1,,-70,-600,1,0,,,,,,
-147,-504,1,0,,-147,-504,1,0,,-461,-711,1,0,,-50,-600,1,0,,,,,,
-130,-504,1,0,,-130,-504,1,0,,-437,-711,1,0,,-30,-600,1,0,,,,,,
-113,-504,1,0,,-113,-504,1,0,,-413,-711,1,0,,-10,-600,1,0,,,,,,
-96,-504,1,0,,-96,-504,1,0,,-390,-711,1,0,,10,-600,1,0,,,,,,
-79,-504,1,0,,-79,-504,1,0,,-366,-711,1,0,,30,-600,1,0,,,,,,
-63,-504,1,0,,-63,-504,1,0,,-342,-711,1,0,,50,-600,1,0,,,,,,
-46,-504,1,0,,-46,-504,1,0,,-319,-711,1,0,,-650,-480,1,0,,,,,,
-29,-504,1,0,,-29,-504,1,0,,-295,-711,1,0,,-650,-480,1,0,,,,,,
-12,-504,1,0,,-12,-504,1,0,,-271,-711,1,0,,-634,-480,1,0,,,,,,
5,-504,1,0,,5,-504,1,0,,-248,-711,1,0,,-618,-480,1,0,,,,,,
21,-504,1,0,,21,-504,1,0,,-224,-711,1,0,,-602,-480,1,0,,,,,,
38,-504,1,0,,38,-504,1,0,,-200,-711,1,0,,-586,-480,1,0,,,,,,
50,-504,1,0,,50,-504,1,0,,-176,-711,1,0,,-570,-480,1,0,,,,,,
-650,-646,1,0,,-650,-646,1,0,,-153,-711,1,0,,-554,-480,1,0,,,,,,
-650,-646,1,0,,-650,-646,1,0,,-129,-711,1,0,,-538,-480,1,0,,,,,,
-629,-646,1,0,,-629,-646,1,0,,-105,-711,1,0,,-522,-480,0,1,,,,,,
-607,-646,1,0,,-607,-646,1,0,,-82,-711,1,0,,-506,-480,0,1,,,,,,
-586,-646,1,0,,-586,-646,1,0,,-58,-711,1,0,,-490,-480,0,1,,,,,,
-564,-646,0,1,,-564,-646,0,1,,-34,-711,1,0,,-474,-480,0,1,,,,,,
-543,-646,0,1,,-543,-646,0,1,,,,,,,-458,-480,0,1,,,,,,
-521,-646,0,1,,-521,-646,0,1,,,,,,,-442,-480,0,1,,,,,,
-500,-646,0,1,,-500,-646,0,1,,,,,,,-426,-480,0,1,,,,,,
-478,-646,0,1,,-478,-646,0,1,,,,,,,-410,-480,0,1,,,,,,
-457,-646,0,1,,-457,-646,0,1,,,,,,,-394,-480,0,1,,,,,,
-435,-646,0,1,,-435,-646,0,1,,,,,,,-378,-480,0,1,,,,,,
-414,-646,0,1,,-414,-646,0,1,,,,,,,-362,-480,0,1,,,,,,
-392,-646,0,1,,-392,-646,0,1,,,,,,,-346,-480,0,1,,,,,,
-371,-646,0,1,,-371,-646,0,1,,,,,,,-330,-480,0,1,,,,,,
-349,-646,0,1,,-349,-646,0,1,,,,,,,-314,-480,0,1,,,,,,
-328,-646,0,1,,-328,-646,0,1,,,,,,,-298,-480,0,1,,,,,,
-306,-646,0,1,,-306,-646,0,1,,,,,,,-282,-480,0,1,,,,,,
-284,-646,0,1,,-284,-646,0,1,,,,,,,-266,-480,0,1,,,,,,
-263,-646,0,1,,-263,-646,0,1,,,,,,,-250,-480,0,1,,,,,,
-241,-646,0,1,,-241,-646,0,1,,,,,,,-234,-480,0,1,,,,,,
-220,-646,0,1,,-220,-646,0,1,,,,,,,-218,-480,0,1,,,,,,
-198,-646,0,1,,-198,-646,0,1,,,,,,,-202,-480,1,0,,,,,,
-177,-646,0,1,,-177,-646,0,1,,,,,,,-186,-480,1,0,,,,,,
-155,-646,0,1,,-155,-646,0,1,,,,,,,-170,-480,1,0,,,,,,
-134,-646,0,1,,-134,-646,0,1,,,,,,,-154,-480,1,0,,,,,,
-112,-646,0,1,,-112,-646,0,1,,,,,,,-138,-480,1,0,,,,,,
-91,-646,0,1,,-91,-646,0,1,,,,,,,-122,-480,1,0,,,,,,
-69,-646,0,1,,-69,-646,0,1,,,,,,,-106,-480,1,0,,,,,,
-48,-646,0,1,,-48,-646,0,1,,,,,,,-90,-480,1,0,,,,,,
,,,,,-650,-713,0,1,,,,,,,-74,-480,1,0,,,,,,
,,,,,-650,-713,0,1,,,,,,,-58,-480,1,0,,,,,,
,,,,,-627,-713,0,1,,,,,,,-42,-480,1,0,,,,,,
,,,,,-603,-713,0,1,,,,,,,-26,-480,1,0,,,,,,
,,,,,-579,-713,0,1,,,,,,,-10,-480,1,0,,,,,,
,,,,,-555,-713,0,1,,,,,,,6,-480,1,0,,,,,,
,,,,,-532,-713,0,1,,,,,,,22,-480,1,0,,,,,,
,,,,,-508,-713,0,1,,,,,,,38,-480,1,0,,,,,,
,,,,,-484,-713,0,1,,,,,,,50,-480,1,0,,,,,,
,,,,,-460,-713,0,1,,,,,,,-650,-341,1,0,,,,,,
,,,,,-437,-713,0,1,,,,,,,-650,-341,1,0,,,,,,
,,,,,-413,-713,0,1,,,,,,,-639,-341,1,0,,,,,,
,,,,,-389,-713,0,1,,,,,,,-628,-341,1,0,,,,,,
,,,,,-365,-713,0,1,,,,,,,-616,-341,1,0,,,,,,
,,,,,-342,-713,0,1,,,,,,,-605,-341,0,1,,,,,,
,,,,,-318,-713,0,1,,,,,,,-594,-341,0,1,,,,,,
,,,,,-294,-713,0,1,,,,,,,-582,-341,0,1,,,,,,
,,,,,-270,-713,0,1,,,,,,,-571,-341,0,1,,,,,,
,,,,,-246,-713,1,0,,,,,,,-560,-341,0,1,,,,,,
,,,,,-223,-713,1,0,,,,,,,-548,-341,0,1,,,,,,
,,,,,-199,-713,1,0,,,,,,,-537,-341,0,1,,,,,,
,,,,,-175,-713,1,0,,,,,,,-525,-341,0,1,,,,,,
,,,,,-151,-713,1,0,,,,,,,-514,-341,0,1,,,,,,
,,,,,-128,-713,1,0,,,,,,,-503,-341,0,1,,,,,,
,,,,,-104,-713,1,0,,,,,,,-491,-341,0,1,,,,,,
,,,,,-80,-713,1,0,,,,,,,-480,-341,0,1,,,,,,
,,,,,-56,-713,1,0,,,,,,,-469,-341,0,1,,,,,,
,,,,,-33,-713,1,0,,,,,,,-457,-341,0,1,,,,,,
,,,,,-9,-713,1,0,,,,,,,-446,-341,0,1,,,,,,
,,,,,15,-713,1,0,,,,,,,-435,-341,0,1,,,,,,
,,,,,39,-713,1,0,,,,,,,-423,-341,0,1,,,,,,
,,,,,50,-713,1,0,,,,,,,-412,-341,0,1,,,,,,
,,,,,-650,-355,1,0,,,,,,,-400,-341,0,1,,,,,,
,,,,,-650,-355,1,0,,,,,,,-389,-341,0,1,,,,,,
,,,,,-639,-355,1,0,,,,,,,-378,-341,0,1,,,,,,
,,,,,-627,-355,1,0,,,,,,,-366,-341,0,1,,,,,,
,,,,,-615,-355,1,0,,,,,,,-355,-341,0,1,,,,,,
,,,,,-603,-355,1,0,,,,,,,-344,-341,0,1,,,,,,
,,,,,-591,-355,1,0,,,,,,,-332,-341,0,1,,,,,,
,,,,,-579,-355,1,0,,,,,,,-321,-341,0,1,,,,,,
,,,,,-568,-355,0,1,,,,,,,-309,-341,0,1,,,,,,
,,,,,-556,-355,0,1,,,,,,,-298,-341,0,1,,,,,,
,,,,,-544,-355,0,1,,,,,,,-287,-341,0,1,,,,,,
,,,,,-532,-355,0,1,,,,,,,-275,-341,0,1,,,,,,
,,,,,-520,-355,0,1,,,,,,,-264,-341,0,1,,,,,,
,,,,,-508,-355,1,0,,,,,,,-253,-341,0,1,,,,,,
,,,,,-497,-355,1,0,,,,,,,-241,-341,0,1,,,,,,
,,,,,-485,-355,1,0,,,,,,,-230,-341,0,1,,,,,,
,,,,,-473,-355,1,0,,,,,,,-219,-341,0,1,,,,,,
,,,,,-461,-355,1,0,,,,,,,-207,-341,0,1,,,,,,
,,,,,-449,-355,1,0,,,,,,,-196,-341,0,1,,,,,,
,,,,,-437,-355,1,0,,,,,,,-184,-341,0,1,,,,,,
,,,,,-426,-355,1,0,,,,,,,-173,-341,1,0,,,,,,
,,,,,-414,-355,1,0,,,,,,,-162,-341,1,0,,,,,,
,,,,,-402,-355,1,0,,,,,,,-150,-341,1,0,,,,,,
,,,,,-390,-355,1,0,,,,,,,-139,-341,1,0,,,,,,
,,,,,-378,-355,1,0,,,,,,,-128,-341,1,0,,,,,,
,,,,,-366,-355,1,0,,,,,,,-116,-341,1,0,,,,,,
,,,,,-355,-355,1,0,,,,,,,-105,-341,1,0,,,,,,
,,,,,-343,-355,1,0,,,,,,,-94,-341,1,0,,,,,,
,,,,,-331,-355,1,0,,,,,,,-82,-341,1,0,,,,,,
,,,,,-319,-355,1,0,,,,,,,-71,-341,1,0,,,,,,
,,,,,-307,-355,1,0,,,,,,,-59,-341,1,0,,,,,,
,,,,,-295,-355,1,0,,,,,,,-48,-341,1,0,,,,,,
,,,,,-284,-355,0,1,,,,,,,-37,-341,1,0,,,,,,
,,,,,-272,-355,0,1,,,,,,,-25,-341,1,0,,,,,,
,,,,,-260,-355,0,1,,,,,,,-14,-341,1,0,,,,,,
,,,,,-248,-355,0,1,,,,,,,-3,-341,1,0,,,,,,
,,,,,-236,-355,0,1,,,,,,,9,-341,1,0,,,,,,
,,,,,-224,-355,0,1,,,,,,,20,-341,1,0,,,,,,
,,,,,-213,-355,0,1,,,,,,,32,-341,1,0,,,,,,
,,,,,-201,-355,0,1,,,,,,,43,-341,0,1,,,,,,
,,,,,-189,-355,0,1,,,,,,,50,-341,0,1,,,,,,
,,,,,-177,-355,0,1,,,,,,,-650,-370,0,1,,,,,,
,,,,,-165,-355,0,1,,,,,,,-650,-370,0,1,,,,,,
,,,,,-153,-355,1,0,,,,,,,-638,-370,0,1,,,,,,
,,,,,-142,-355,1,0,,,,,,,-626,-370,1,0,,,,,,
,,,,,-130,-355,1,0,,,,,,,-613,-370,1,0,,,,,,
,,,,,-118,-355,1,0,,,,,,,-601,-370,1,0,,,,,,
,,,,,-106,-355,1,0,,,,,,,-589,-370,1,0,,,,,,
,,,,,-94,-355,1,0,,,,,,,-576,-370,1,0,,,,,,
,,,,,-82,-355,1,0,,,,,,,-564,-370,1,0,,,,,,
,,,,,-71,-355,1,0,,,,,,,-552,-370,1,0,,,,,,
,,,,,-59,-355,1,0,,,,,,,-539,-370,1,0,,,,,,
,,,,,-47,-355,1,0,,,,,,,-527,-370,1,0,,,,,,
,,,,,-35,-355,1,0,,,,,,,-515,-370,1,0,,,,,,
,,,,,-23,-355,1,0,,,,,,,-502,-370,1,0,,,,,,
,,,,,-11,-355,1,0,,,,,,,-490,-370,1,0,,,,,,
,,,,,0,-355,1,0,,,,,,,-478,-370,1,0,,,,,,
,,,,,12,-355,1,0,,,,,,,-465,-370,1,0,,,,,,
,,,,,24,-355,1,0,,,,,,,-453,-370,1,0,,,,,,
,,,,,36,-355,1,0,,,,,,,-441,-370,1,0,,,,,,
,,,,,48,-355,1,0,,,,,,,-428,-370,1,0,,,,,,
,,,,,50,-355,1,0,,,,,,,-416,-370,1,0,,,,,,
,,,,,-650,-558,1,0,,,,,,,-404,-370,1,0,,,,,,
,,,,,-650,-558,0,1,,,,,,,-391,-370,0,1,,,,,,
,,,,,-632,-558,0,1,,,,,,,-379,-370,0,1,,,,,,
,,,,,-613,-558,0,1,,,,,,,-367,-370,0,1,,,,,,
,,,,,-595,-558,0,1,,,,,,,-354,-370,0,1,,,,,,
,,,,,-576,-558,0,1,,,,,,,-342,-370,0,1,,,,,,
,,,,,-557,-558,0,1,,,,,,,-330,-370,0,1,,,,,,
,,,,,-539,-558,0,1,,,,,,,-317,-370,0,1,,,,,,
,,,,,-520,-558,0,1,,,,,,,-305,-370,0,1,,,,,,
,,,,,-502,-558,0,1,,,,,,,-293,-370,0,1,,,,,,
,,,,,-483,-558,0,1,,,,,,,-280,-370,0,1,,,,,,
,,,,,-464,-558,0,1,,,,,,,-268,-370,0,1,,,,,,
,,,,,-446,-558,0,1,,,,,,,-256,-370,0,1,,,,,,
,,,,,-427,-558,0,1,,,,,,,-243,-370,0,1,,,,,,
,,,,,-409,-558,0,1,,,,,,,-231,-370,0,1,,,,,,
,,,,,-390,-558,0,1,,,,,,,-219,-370,0,1,,,,,,
,,,,,-371,-558,0,1,,,,,,,-206,-370,0,1,,,,,,
,,,,,-353,-558,0,1,,,,,,,-194,-370,0,1,,,,,,
,,,,,-334,-558,0,1,,,,,,,-182,-370,0,1,,,,,,
,,,,,-316,-558,0,1,,,,,,,-169,-370,1,0,,,,,,
,,,,,-297,-558,0,1,,,,,,,-157,-370,1,0,,,,,,
,,,,,-278,-558,0,1,,,,,,,-145,-370,1,0,,,,,,
,,,,,-260,-558,0,1,,,,,,,-132,-370,1,0,,,,,,
,,,,,-241,-558,0,1,,,,,,,-120,-370,1,0,,,,,,
,,,,,-223,-558,0,1,,,,,,,-108,-370,1,0,,,,,,
,,,,,-204,-558,0,1,,,,,,,-95,-370,1,0,,,,,,
,,,,,-185,-558,0,1,,,,,,,-83,-370,1,0,,,,,,
,,,,,-167,-558,1,0,,,,,,,-71,-370,1,0,,,,,,
,,,,,-148,-558,1,0,,,,,,,-58,-370,1,0,,,,,,
,,,,,-130,-558,1,0,,,,,,,-46,-370,1,0,,,,,,
,,,,,-111,-558,1,0,,,,,,,-34,-370,1,0,,,,,,
,,,,,-92,-558,1,0,,,,,,,-21,-370,1,0,,,,,,
,,,,,-74,-558,1,0,,,,,,,-9,-370,1,0,,,,,,
,,,,,-55,-558,1,0,,,,,,,3,-370,1,0,,,,,,
,,,,,-37,-558,1,0,,,,,,,16,-370,1,0,,,,,,
,,,,,-18,-558,1,0,,,,,,,28,-370,1,0,,,,,,
,,,,,1,-558,1,0,,,,,,,40,-370,1,0,,,,,,
,,,,,19,-558,1,0,,,,,,,50,-370,1,0,,,,,,
,,,,,38,-558,1,0,,,,,,,-650,-412,1,0,,,,,,
,,,,,50,-558,1,0,,,,,,,-650,-412,0,1,,,,,,
,,,,,-650,-588,1,0,,,,,,,-637,-412,1,0,,,,,,
,,,,,-650,-588,1,0,,,,,,,-623,-412,1,0,,,,,,
,,,,,-631,-588,1,0,,,,,,,-609,-412,1,0,,,,,,
,,,,,-611,-588,1,0,,,,,,,-596,-412,1,0,,,,,,
,,,,,-592,-588,1,0,,,,,,,-582,-412,1,0,,,,,,
,,,,,-572,-588,1,0,,,,,,,-568,-412,1,0,,,,,,
,,,,,-552,-588,1,0,,,,,,,-554,-412,1,0,,,,,,
,,,,,-533,-588,1,0,,,,,,,-541,-412,1,0,,,,,,
,,,,,-513,-588,0,1,,,,,,,-527,-412,1,0,,,,,,
,,,,,-494,-588,0,1,,,,,,,-513,-412,1,0,,,,,,
,,,,,-474,-588,0,1,,,,,,,-499,-412,1,0,,,,,,
,,,,,-454,-588,0,1,,,,,,,-486,-412,1,0,,,,,,
,,,,,-435,-588,0,1,,,,,,,-472,-412,1,0,,,,,,
,,,,,-415,-588,0,1,,,,,,,-458,-412,1,0,,,,,,
,,,,,-396,-588,0,1,,,,,,,-444,-412,1,0,,,,,,
,,,,,-376,-588,0,1,,,,,,,-431,-412,1,0,,,,,,
,,,,,-356,-588,0,1,,,,,,,-417,-412,1,0,,,,,,
,,,,,-337,-588,0,1,,,,,,,-403,-412,1,0,,,,,,
,,,,,-317,-588,0,1,,,,,,,-390,-412,1,0,,,,,,
,,,,,-298,-588,0,1,,,,,,,-376,-412,0,1,,,,,,
,,,,,-278,-588,0,1,,,,,,,-362,-412,0,1,,,,,,
,,,,,-258,-588,0,1,,,,,,,-348,-412,0,1,,,,,,
,,,,,-239,-588,0,1,,,,,,,-335,-412,1,0,,,,,,
,,,,,-219,-588,0,1,,,,,,,-321,-412,1,0,,,,,,
,,,,,-200,-588,0,1,,,,,,,-307,-412,1,0,,,,,,
,,,,,-180,-588,1,0,,,,,,,-293,-412,1,0,,,,,,
,,,,,-160,-588,1,0,,,,,,,-280,-412,1,0,,,,,,
,,,,,-141,-588,1,0,,,,,,,-266,-412,1,0,,,,,,
,,,,,-121,-588,1,0,,,,,,,-252,-412,1,0,,,,,,
,,,,,-102,-588,1,0,,,,,,,-238,-412,1,0,,,,,,
,,,,,-82,-588,1,0,,,,,,,-225,-412,1,0,,,,,,
,,,,,-62,-588,1,0,,,,,,,-211,-412,1,0,,,,,,
,,,,,-43,-588,1,0,,,,,,,-197,-412,1,0,,,,,,
,,,,,-23,-588,1,0,,,,,,,-184,-412,1,0,,,,,,
,,,,,-4,-588,1,0,,,,,,,-170,-412,1,0,,,,,,
,,,,,16,-588,1,0,,,,,,,-156,-412,1,0,,,,,,
,,,,,36,-588,1,0,,,,,,,-142,-412,1,0,,,,,,
,,,,,50,-588,1,0,,,,,,,-129,-412,1,0,,,,,,
,,,,,-650,-532,1,0,,,,,,,-115,-412,1,0,,,,,,
,,,,,-650,-532,1,0,,,,,,,-101,-412,1,0,,,,,,
,,,,,-633,-532,1,0,,,,,,,-87,-412,1,0,,,,,,
,,,,,-615,-532,1,0,,,,,,,-74,-412,0,1,,,,,,
,,,,,-597,-532,1,0,,,,,,,-60,-412,0,1,,,,,,
,,,,,-580,-532,1,0,,,,,,,-46,-412,1,0,,,,,,
,,,,,-562,-532,1,0,,,,,,,,,,,,,,,,
,,,,,-544,-532,1,0,,,,,,,,,,,,,,,,
,,,,,-526,-532,0,1,,,,,,,,,,,,,,,,
,,,,,-509,-532,0,1,,,,,,,,,,,,,,,,
,,,,,-491,-532,0,1,,,,,,,,,,,,,,,,
,,,,,-473,-532,0,1,,,,,,,,,,,,,,,,
,,,,,-455,-532,0,1,,,,,,,,,,,,,,,,
,,,,,-438,-532,0,1,,,,,,,,,,,,,,,,
,,,,,-420,-532,0,1,,,,,,,,,,,,,,,,
,,,,,-402,-532,0,1,,,,,,,,,,,,,,,,
,,,,,-384,-532,0,1,,,,,,,,,,,,,,,,
,,,,,-367,-532,0,1,,,,,,,,,,,,,,,,
,,,,,-349,-532,0,1,,,,,,,,,,,,,,,,
,,,,,-331,-532,0,1,,,,,,,,,,,,,,,,
,,,,,-314,-532,0,1,,,,,,,,,,,,,,,,
,,,,,-296,-532,0,1,,,,,,,,,,,,,,,,
,,,,,-278,-532,0,1,,,,,,,,,,,,,,,,
,,,,,-260,-532,0,1,,,,,,,,,,,,,,,,
,,,,,-243,-532,0,1,,,,,,,,,,,,,,,,
,,,,,-225,-532,0,1,,,,,,,,,,,,,,,,
,,,,,-207,-532,0,1,,,,,,,,,,,,,,,,
,,,,,-189,-532,0,1,,,,,,,,,,,,,,,,
,,,,,-172,-532,0,1,,,,,,,,,,,,,,,,
,,,,,-154,-532,0,1,,,,,,,,,,,,,,,,
,,,,,-136,-532,1,0,,,,,,,,,,,,,,,,
,,,,,-118,-532,1,0,,,,,,,,,,,,,,,,
,,,,,-101,-532,1,0,,,,,,,,,,,,,,,,
,,,,,-83,-532,1,0,,,,,,,,,,,,,,,,
,,,,,-65,-532,1,0,,,,,,,,,,,,,,,,
,,,,,-48,-532,1,0,,,,,,,,,,,,,,,,
,,,,,-30,-532,1,0,,,,,,,,,,,,,,,,
,,,,,-12,-532,1,0,,,,,,,,,,,,,,,,
,,,,,6,-532,1,0,,,,,,,,,,,,,,,,
,,,,,23,-532,1,0,,,,,,,,,,,,,,,,
,,,,,41,-532,1,0,,,,,,,,,,,,,,,,
,,,,,50,-532,1,0,,,,,,,,,,,,,,,,
,,,,,-650,-707,1,0,,,,,,,,,,,,,,,,
,,,,,-650,-707,1,0,,,,,,,,,,,,,,,,
,,,,,-627,-707,1,0,,,,,,,,,,,,,,,,
,,,,,-603,-707,1,0,,,,,,,,,,,,,,,,
,,,,,-580,-707,1,0,,,,,,,,,,,,,,,,
,,,,,-556,-707,1,0,,,,,,,,,,,,,,,,
,,,,,-533,-707,1,0,,,,,,,,,,,,,,,,
,,,,,-509,-707,1,0,,,,,,,,,,,,,,,,
,,,,,-486,-707,0,1,,,,,,,,,,,,,,,,
,,,,,-462,-707,0,1,,,,,,,,,,,,,,,,
,,,,,-438,-707,0,1,,,,,,,,,,,,,,,,
,,,,,-415,-707,0,1,,,,,,,,,,,,,,,,
,,,,,-391,-707,0,1,,,,,,,,,,,,,,,,
,,,,,-368,-707,0,1,,,,,,,,,,,,,,,,
,,,,,-344,-707,0,1,,,,,,,,,,,,,,,,
,,,,,-321,-707,0,1,,,,,,,,,,,,,,,,
,,,,,-297,-707,0,1,,,,,,,,,,,,,,,,
,,,,,-273,-707,0,1,,,,,,,,,,,,,,,,
,,,,,-250,-707,0,1,,,,,,,,,,,,,,,,
,,,,,-226,-707,0,1,,,,,,,,,,,,,,,,
,,,,,-203,-707,0,1,,,,,,,,,,,,,,,,
,,,,,-179,-707,1,0,,,,,,,,,,,,,,,,
,,,,,-156,-707,1,0,,,,,,,,,,,,,,,,
,,,,,-132,-707,1,0,,,,,,,,,,,,,,,,
,,,,,-108,-707,1,0,,,,,,,,,,,,,,,,
,,,,,-85,-707,1,0,,,,,,,,,,,,,,,,
,,,,,-61,-707,1,0,,,,,,,,,,,,,,,,
,,,,,-38,-707,1,0,,,,,,,,,,,,,,,,
,,,,,-14,-707,1,0,,,,,,,,,,,,,,,,
,,,,,9,-707,1,0,,,,,,,,,,,,,,,,
,,,,,33,-707,1,0,,,,,,,,,,,,,,,,
,,,,,50,-707,1,0,,,,,,,,,,,,,,,,
,,,,,-650,-659,1,0,,,,,,,,,,,,,,,,
,,,,,-650,-659,1,0,,,,,,,,,,,,,,,,
,,,,,-629,-659,1,0,,,,,,,,,,,,,,,,
,,,,,-607,-659,1,0,,,,,,,,,,,,,,,,
,,,,,-585,-659,1,0,,,,,,,,,,,,,,,,
,,,,,-563,-659,1,0,,,,,,,,,,,,,,,,
,,,,,-541,-659,1,0,,,,,,,,,,,,,,,,
,,,,,-519,-659,1,0,,,,,,,,,,,,,,,,
,,,,,-497,-659,1,0,,,,,,,,,,,,,,,,
,,,,,-475,-659,0,1,,,,,,,,,,,,,,,,
,,,,,-453,-659,0,1,,,,,,,,,,,,,,,,
,,,,,-431,-659,0,1,,,,,,,,,,,,,,,,
,,,,,-409,-659,0,1,,,,,,,,,,,,,,,,
,,,,,-387,-659,0,1,,,,,,,,,,,,,,,,
,,,,,-365,-659,0,1,,,,,,,,,,,,,,,,
,,,,,-343,-659,0,1,,,,,,,,,,,,,,,,
,,,,,-321,-659,0,1,,,,,,,,,,,,,,,,
,,,,,-299,-659,0,1,,,,,,,,,,,,,,,,
,,,,,-277,-659,0,1,,,,,,,,,,,,,,,,
,,,,,-255,-659,0,1,,,,,,,,,,,,,,,,
,,,,,-233,-659,1,0,,,,,,,,,,,,,,,,
,,,,,-211,-659,1,0,,,,,,,,,,,,,,,,
,,,,,-189,-659,1,0,,,,,,,,,,,,,,,,
,,,,,-167,-659,1,0,,,,,,,,,,,,,,,,
,,,,,-145,-659,1,0,,,,,,,,,,,,,,,,
,,,,,-123,-659,1,0,,,,,,,,,,,,,,,,
,,,,,-101,-659,1,0,,,,,,,,,,,,,,,,
,,,,,-79,-659,1,0,,,,,,,,,,,,,,,,
,,,,,-57,-659,1,0,,,,,,,,,,,,,,,,
,,,,,-35,-659,1,0,,,,,,,,,,,,,,,,
,,,,,-13,-659,1,0,,,,,,,,,,,,,,,,
,,,,,8,-659,1,0,,,,,,,,,,,,,,,,
,,,,,30,-659,1,0,,,,,,,,,,,,,,,,
,,,,,50,-659,1,0,,,,,,,,,,,,,,,,
,,,,,-650,-428,1,0,,,,,,,,,,,,,,,,
,,,,,-650,-428,1,0,,,,,,,,,,,,,,,,
,,,,,-636,-428,1,0,,,,,,,,,,,,,,,,
,,,,,-622,-428,1,0,,,,,,,,,,,,,,,,
,,,,,-608,-428,1,0,,,,,,,,,,,,,,,,
,,,,,-593,-428,1,0,,,,,,,,,,,,,,,,
,,,,,-579,-428,1,0,,,,,,,,,,,,,,,,
,,,,,-565,-428,1,0,,,,,,,,,,,,,,,,
,,,,,-551,-428,0,1,,,,,,,,,,,,,,,,
,,,,,-536,-428,0,1,,,,,,,,,,,,,,,,
,,,,,-522,-428,1,0,,,,,,,,,,,,,,,,
,,,,,-508,-428,1,0,,,,,,,,,,,,,,,,
,,,,,-494,-428,1,0,,,,,,,,,,,,,,,,
,,,,,-479,-428,1,0,,,,,,,,,,,,,,,,
,,,,,-465,-428,1,0,,,,,,,,,,,,,,,,
,,,,,-451,-428,1,0,,,,,,,,,,,,,,,,
,,,,,-437,-428,1,0,,,,,,,,,,,,,,,,
,,,,,-422,-428,1,0,,,,,,,,,,,,,,,,
,,,,,-408,-428,1,0,,,,,,,,,,,,,,,,
,,,,,-394,-428,1,0,,,,,,,,,,,,,,,,
,,,,,-379,-428,1,0,,,,,,,,,,,,,,,,
,,,,,-365,-428,1,0,,,,,,,,,,,,,,,,
,,,,,-351,-428,1,0,,,,,,,,,,,,,,,,
,,,,,-337,-428,1,0,,,,,,,,,,,,,,,,
,,,,,-322,-428,1,0,,,,,,,,,,,,,,,,
,,,,,-308,-428,1,0,,,,,,,,,,,,,,,,
,,,,,-294,-428,1,0,,,,,,,,,,,,,,,,
,,,,,-280,-428,1,0,,,,,,,,,,,,,,,,
,,,,,-265,-428,1,0,,,,,,,,,,,,,,,,
,,,,,-251,-428,0,1,,,,,,,,,,,,,,,,
,,,,,-237,-428,0,1,,,,,,,,,,,,,,,,
,,,,,-223,-428,0,1,,,,,,,,,,,,,,,,
,,,,,-208,-428,0,1,,,,,,,,,,,,,,,,
,,,,,-194,-428,0,1,,,,,,,,,,,,,,,,
,,,,,-180,-428,0,1,,,,,,,,,,,,,,,,
,,,,,-165,-428,0,1,,,,,,,,,,,,,,,,
,,,,,-151,-428,1,0,,,,,,,,,,,,,,,,
,,,,,-137,-428,1,0,,,,,,,,,,,,,,,,
,,,,,-123,-428,1,0,,,,,,,,,,,,,,,,
,,,,,-108,-428,1,0,,,,,,,,,,,,,,,,
,,,,,-94,-428,1,0,,,,,,,,,,,,,,,,
,,,,,-80,-428,1,0,,,,,,,,,,,,,,,,
,,,,,-66,-428,1,0,,,,,,,,,,,,,,,,
,,,,,-51,-428,1,0,,,,,,,,,,,,,,,,
,,,,,-37,-428,1,0,,,,,,,,,,,,,,,,
,,,,,-23,-428,1,0,,,,,,,,,,,,,,,,
,,,,,-9,-428,1,0,,,,,,,,,,,,,,,,
,,,,,6,-428,1,0,,,,,,,,,,,,,,,,
,,,,,20,-428,1,0,,,,,,,,,,,,,,,,
,,,,,34,-428,1,0,,,,,,,,,,,,,,,,
,,,,,49,-428,1,0,,,,,,,,,,,,,,,,
,,,,,50,-428,1,0,,,,,,,,,,,,,,,,
,,,,,-650,-716,1,0,,,,,,,,,,,,,,,,
,,,,,-650,-716,1,0,,,,,,,,,,,,,,,,
,,,,,-627,-716,1,0,,,,,,,,,,,,,,,,
,,,,,-603,-716,1,0,,,,,,,,,,,,,,,,
,,,,,-579,-716,1,0,,,,,,,,,,,,,,,,
,,,,,-555,-716,1,0,,,,,,,,,,,,,,,,
,,,,,-531,-716,0,1,,,,,,,,,,,,,,,,
,,,,,-507,-716,0,1,,,,,,,,,,,,,,,,
,,,,,-483,-716,0,1,,,,,,,,,,,,,,,,
,,,,,-460,-716,0,1,,,,,,,,,,,,,,,,
,,,,,-436,-716,0,1,,,,,,,,,,,,,,,,
,,,,,-412,-716,0,1,,,,,,,,,,,,,,,,
,,,,,-388,-716,0,1,,,,,,,,,,,,,,,,
,,,,,-364,-716,0,1,,,,,,,,,,,,,,,,
,,,,,-340,-716,0,1,,,,,,,,,,,,,,,,
,,,,,-316,-716,0,1,,,,,,,,,,,,,,,,
,,,,,-292,-716,0,1,,,,,,,,,,,,,,,,
,,,,,-269,-716,0,1,,,,,,,,,,,,,,,,
,,,,,-245,-716,0,1,,,,,,,,,,,,,,,,
,,,,,-221,-716,0,1,,,,,,,,,,,,,,,,
,,,,,-197,-716,0,1,,,,,,,,,,,,,,,,
,,,,,-173,-716,1,0,,,,,,,,,,,,,,,,
,,,,,-149,-716,1,0,,,,,,,,,,,,,,,,
,,,,,-125,-716,1,0,,,,,,,,,,,,,,,,
,,,,,-102,-716,1,0,,,,,,,,,,,,,,,,
,,,,,-78,-716,1,0,,,,,,,,,,,,,,,,
,,,,,-54,-716,1,0,,,,,,,,,,,,,,,,
,,,,,-30,-716,1,0,,,,,,,,,,,,,,,,
,,,,,-6,-716,1,0,,,,,,,,,,,,,,,,
,,,,,18,-716,1,0,,,,,,,,,,,,,,,,
,,,,,42,-716,1,0,,,,,,,,,,,,,,,,
,,,,,50,-716,1,0,,,,,,,,,,,,,,,,
,,,,,-650,-393,1,0,,,,,,,,,,,,,,,,
,,,,,-650,-393,1,0,,,,,,,,,,,,,,,,
,,,,,-637,-393,1,0,,,,,,,,,,,,,,,,
,,,,,-624,-393,1,0,,,,,,,,,,,,,,,,
,,,,,-611,-393,1,0,,,,,,,,,,,,,,,,
,,,,,-598,-393,1,0,,,,,,,,,,,,,,,,
,,,,,-585,-393,1,0,,,,,,,,,,,,,,,,
,,,,,-572,-393,1,0,,,,,,,,,,,,,,,,
,,,,,-559,-393,1,0,,,,,,,,,,,,,,,,
,,,,,-546,-393,0,1,,,,,,,,,,,,,,,,
,,,,,-533,-393,0,1,,,,,,,,,,,,,,,,
,,,,,-519,-393,0,1,,,,,,,,,,,,,,,,
,,,,,-506,-393,0,1,,,,,,,,,,,,,,,,
,,,,,-493,-393,0,1,,,,,,,,,,,,,,,,
,,,,,-480,-393,0,1,,,,,,,,,,,,,,,,
,,,,,-467,-393,0,1,,,,,,,,,,,,,,,,
,,,,,-454,-393,0,1,,,,,,,,,,,,,,,,
,,,,,-441,-393,0,1,,,,,,,,,,,,,,,,
,,,,,-428,-393,0,1,,,,,,,,,,,,,,,,
,,,,,-415,-393,0,1,,,,,,,,,,,,,,,,
,,,,,-402,-393,0,1,,,,,,,,,,,,,,,,
,,,,,-388,-393,0,1,,,,,,,,,,,,,,,,
,,,,,-375,-393,0,1,,,,,,,,,,,,,,,,
,,,,,-362,-393,0,1,,,,,,,,,,,,,,,,
,,,,,-349,-393,0,1,,,,,,,,,,,,,,,,
,,,,,-336,-393,0,1,,,,,,,,,,,,,,,,
,,,,,-323,-393,0,1,,,,,,,,,,,,,,,,
,,,,,-310,-393,0,1,,,,,,,,,,,,,,,,
,,,,,-297,-393,0,1,,,,,,,,,,,,,,,,
,,,,,-284,-393,0,1,,,,,,,,,,,,,,,,
,,,,,-271,-393,0,1,,,,,,,,,,,,,,,,
,,,,,-257,-393,0,1,,,,,,,,,,,,,,,,
,,,,,-244,-393,0,1,,,,,,,,,,,,,,,,
,,,,,-231,-393,0,1,,,,,,,,,,,,,,,,
,,,,,-218,-393,0,1,,,,,,,,,,,,,,,,
,,,,,-205,-393,0,1,,,,,,,,,,,,,,,,
,,,,,-192,-393,0,1,,,,,,,,,,,,,,,,
,,,,,-179,-393,1,0,,,,,,,,,,,,,,,,
,,,,,-166,-393,1,0,,,,,,,,,,,,,,,,
,,,,,-153,-393,1,0,,,,,,,,,,,,,,,,
,,,,,-140,-393,1,0,,,,,,,,,,,,,,,,
,,,,,-126,-393,1,0,,,,,,,,,,,,,,,,
,,,,,-113,-393,1,0,,,,,,,,,,,,,,,,
,,,,,-100,-393,1,0,,,,,,,,,,,,,,,,
,,,,,-87,-393,1,0,,,,,,,,,,,,,,,,
,,,,,-74,-393,1,0,,,,,,,,,,,,,,,,
,,,,,-61,-393,1,0,,,,,,,,,,,,,,,,
,,,,,-48,-393,1,0,,,,,,,,,,,,,,,,
,,,,,-35,-393,1,0,,,,,,,,,,,,,,,,
,,,,,-22,-393,1,0,,,,,,,,,,,,,,,,
,,,,,-9,-393,1,0,,,,,,,,,,,,,,,,
,,,,,5,-393,1,0,,,,,,,,,,,,,,,,
,,,,,18,-393,1,0,,,,,,,,,,,,,,,,
,,,,,31,-393,1,0,,,,,,,,,,,,,,,,
,,,,,44,-393,1,0,,,,,,,,,,,,,,,,
,,,,,50,-393,1,0,,,,,,,,,,,,,,,,
,,,,,-650,-563,1,0,,,,,,,,,,,,,,,,
,,,,,-650,-563,0,1,,,,,,,,,,,,,,,,
,,,,,-632,-563,0,1,,,,,,,,,,,,,,,,
,,,,,-613,-563,0,1,,,,,,,,,,,,,,,,
,,,,,-594,-563,0,1,,,,,,,,,,,,,,,,
,,,,,-575,-563,0,1,,,,,,,,,,,,,,,,
,,,,,-557,-563,0,1,,,,,,,,,,,,,,,,
,,,,,-538,-563,0,1,,,,,,,,,,,,,,,,
,,,,,-519,-563,0,1,,,,,,,,,,,,,,,,
,,,,,-500,-563,0,1,,,,,,,,,,,,,,,,
,,,,,-482,-563,0,1,,,,,,,,,,,,,,,,
,,,,,-463,-563,0,1,,,,,,,,,,,,,,,,
,,,,,-444,-563,0,1,,,,,,,,,,,,,,,,
,,,,,-425,-563,0,1,,,,,,,,,,,,,,,,
,,,,,-407,-563,0,1,,,,,,,,,,,,,,,,
,,,,,-388,-563,0,1,,,,,,,,,,,,,,,,
,,,,,-369,-563,0,1,,,,,,,,,,,,,,,,
,,,,,-350,-563,0,1,,,,,,,,,,,,,,,,
,,,,,-331,-563,0,1,,,,,,,,,,,,,,,,
,,,,,-313,-563,0,1,,,,,,,,,,,,,,,,
,,,,,-294,-563,0,1,,,,,,,,,,,,,,,,
,,,,,-275,-563,0,1,,,,,,,,,,,,,,,,
,,,,,-256,-563,0,1,,,,,,,,,,,,,,,,
,,,,,-238,-563,0,1,,,,,,,,,,,,,,,,
,,,,,-219,-563,0,1,,,,,,,,,,,,,,,,
,,,,,-200,-563,1,0,,,,,,,,,,,,,,,,
,,,,,-181,-563,1,0,,,,,,,,,,,,,,,,
,,,,,-163,-563,1,0,,,,,,,,,,,,,,,,
,,,,,-144,-563,1,0,,,,,,,,,,,,,,,,
,,,,,-125,-563,1,0,,,,,,,,,,,,,,,,
,,,,,-106,-563,1,0,,,,,,,,,,,,,,,,
,,,,,-88,-563,1,0,,,,,,,,,,,,,,,,
,,,,,-69,-563,1,0,,,,,,,,,,,,,,,,
,,,,,-50,-563,1,0,,,,,,,,,,,,,,,,
,,,,,-31,-563,1,0,,,,,,,,,,,,,,,,
,,,,,-12,-563,1,0,,,,,,,,,,,,,,,,
,,,,,6,-563,1,0,,,,,,,,,,,,,,,,
,,,,,25,-563,1,0,,,,,,,,,,,,,,,,
,,,,,44,-563,1,0,,,,,,,,,,,,,,,,
,,,,,50,-563,1,0,,,,,,,,,,,,,,,,
,,,,,-650,-348,1,0,,,,,,,,,,,,,,,,
,,,,,-650,-348,1,0,,,,,,,,,,,,,,,,
,,,,,-639,-348,1,0,,,,,,,,,,,,,,,,
,,,,,-627,-348,1,0,,,,,,,,,,,,,,,,
,,,,,-616,-348,1,0,,,,,,,,,,,,,,,,
,,,,,-604,-348,1,0,,,,,,,,,,,,,,,,
,,,,,-592,-348,1,0,,,,,,,,,,,,,,,,
,,,,,-581,-348,0,1,,,,,,,,,,,,,,,,
,,,,,-569,-348,0,1,,,,,,,,,,,,,,,,
,,,,,-558,-348,0,1,,,,,,,,,,,,,,,,
,,,,,-546,-348,0,1,,,,,,,,,,,,,,,,
,,,,,-534,-348,0,1,,,,,,,,,,,,,,,,
,,,,,-523,-348,0,1,,,,,,,,,,,,,,,,
,,,,,-511,-348,0,1,,,,,,,,,,,,,,,,
,,,,,-500,-348,0,1,,,,,,,,,,,,,,,,
,,,,,-488,-348,0,1,,,,,,,,,,,,,,,,
,,,,,-476,-348,0,1,,,,,,,,,,,,,,,,
,,,,,-465,-348,0,1,,,,,,,,,,,,,,,,
,,,,,-453,-348,0,1,,,,,,,,,,,,,,,,
,,,,,-442,-348,0,1,,,,,,,,,,,,,,,,
,,,,,-430,-348,0,1,,,,,,,,,,,,,,,,
,,,,,-418,-348,0,1,,,,,,,,,,,,,,,,
,,,,,-407,-348,0,1,,,,,,,,,,,,,,,,
,,,,,-395,-348,0,1,,,,,,,,,,,,,,,,
,,,,,-384,-348,0,1,,,,,,,,,,,,,,,,
,,,,,-372,-348,0,1,,,,,,,,,,,,,,,,
,,,,,-360,-348,0,1,,,,,,,,,,,,,,,,
,,,,,-349,-348,0,1,,,,,,,,,,,,,,,,
,,,,,-337,-348,0,1,,,,,,,,,,,,,,,,
,,,,,-326,-348,0,1,,,,,,,,,,,,,,,,
,,,,,-314,-348,0,1,,,,,,,,,,,,,,,,
,,,,,-302,-348,0,1,,,,,,,,,,,,,,,,
,,,,,-291,-348,0,1,,,,,,,,,,,,,,,,
,,,,,-279,-348,0,1,,,,,,,,,,,,,,,,
,,,,,-268,-348,0,1,,,,,,,,,,,,,,,,
,,,,,-256,-348,0,1,,,,,,,,,,,,,,,,
,,,,,-244,-348,0,1,,,,,,,,,,,,,,,,
,,,,,-233,-348,0,1,,,,,,,,,,,,,,,,
,,,,,-221,-348,0,1,,,,,,,,,,,,,,,,
,,,,,-210,-348,0,1,,,,,,,,,,,,,,,,
,,,,,-198,-348,0,1,,,,,,,,,,,,,,,,
,,,,,-186,-348,0,1,,,,,,,,,,,,,,,,
,,,,,-175,-348,0,1,,,,,,,,,,,,,,,,
,,,,,-163,-348,0,1,,,,,,,,,,,,,,,,
,,,,,-152,-348,0,1,,,,,,,,,,,,,,,,
,,,,,-140,-348,0,1,,,,,,,,,,,,,,,,
,,,,,-128,-348,0,1,,,,,,,,,,,,,,,,
,,,,,-117,-348,0,1,,,,,,,,,,,,,,,,
,,,,,-105,-348,1,0,,,,,,,,,,,,,,,,
,,,,,-94,-348,1,0,,,,,,,,,,,,,,,,
,,,,,-82,-348,1,0,,,,,,,,,,,,,,,,
,,,,,-70,-348,1,0,,,,,,,,,,,,,,,,
,,,,,-59,-348,1,0,,,,,,,,,,,,,,,,
,,,,,-47,-348,1,0,,,,,,,,,,,,,,,,
,,,,,-36,-348,1,0,,,,,,,,,,,,,,,,
,,,,,-24,-348,1,0,,,,,,,,,,,,,,,,
,,,,,-12,-348,1,0,,,,,,,,,,,,,,,,
,,,,,-1,-348,1,0,,,,,,,,,,,,,,,,
,,,,,11,-348,1,0,,,,,,,,,,,,,,,,
,,,,,22,-348,1,0,,,,,,,,,,,,,,,,
,,,,,34,-348,1,0,,,,,,,,,,,,,,,,
,,,,,46,-348,1,0,,,,,,,,,,,,,,,,
,,,,,50,-348,1,0,,,,,,,,,,,,,,,,
,,,,,-650,-648,1,0,,,,,,,,,,,,,,,,
,,,,,-650,-648,1,0,,,,,,,,,,,,,,,,
,,,,,-629,-648,1,0,,,,,,,,,,,,,,,,
,,,,,-607,-648,1,0,,,,,,,,,,,,,,,,
,,,,,-586,-648,1,0,,,,,,,,,,,,,,,,
,,,,,-564,-648,1,0,,,,,,,,,,,,,,,,
,,,,,-542,-648,1,0,,,,,,,,,,,,,,,,
,,,,,-521,-648,0,1,,,,,,,,,,,,,,,,
,,,,,-499,-648,0,1,,,,,,,,,,,,,,,,
,,,,,-478,-648,0,1,,,,,,,,,,,,,,,,
,,,,,-456,-648,0,1,,,,,,,,,,,,,,,,
,,,,,-434,-648,0,1,,,,,,,,,,,,,,,,
,,,,,-413,-648,0,1,,,,,,,,,,,,,,,,
,,,,,-391,-648,0,1,,,,,,,,,,,,,,,,
,,,,,-370,-648,0,1,,,,,,,,,,,,,,,,
,,,,,-348,-648,0,1,,,,,,,,,,,,,,,,
,,,,,-326,-648,0,1,,,,,,,,,,,,,,,,
,,,,,-305,-648,0,1,,,,,,,,,,,,,,,,
,,,,,-283,-648,0,1,,,,,,,,,,,,,,,,
,,,,,-262,-648,0,1,,,,,,,,,,,,,,,,
,,,,,-240,-648,0,1,,,,,,,,,,,,,,,,
,,,,,-218,-648,0,1,,,,,,,,,,,,,,,,
,,,,,-197,-648,0,1,,,,,,,,,,,,,,,,
,,,,,-175,-648,1,0,,,,,,,,,,,,,,,,
,,,,,-154,-648,1,0,,,,,,,,,,,,,,,,
,,,,,-132,-648,1,0,,,,,,,,,,,,,,,,
,,,,,-110,-648,1,0,,,,,,,,,,,,,,,,
,,,,,-89,-648,1,0,,,,,,,,,,,,,,,,
,,,,,-67,-648,1,0,,,,,,,,,,,,,,,,
,,,,,-46,-648,1,0,,,,,,,,,,,,,,,,
,,,,,-24,-648,1,0,,,,,,,,,,,,,,,,
,,,,,-2,-648,1,0,,,,,,,,,,,,,,,,
,,,,,19,-648,1,0,,,,,,,,,,,,,,,,
,,,,,41,-648,1,0,,,,,,,,,,,,,,,,
,,,,,50,-648,1,0,,,,,,,,,,,,,,,,
,,,,,-650,-543,1,0,,,,,,,,,,,,,,,,
,,,,,-650,-543,1,0,,,,,,,,,,,,,,,,
,,,,,-632,-543,1,0,,,,,,,,,,,,,,,,
,,,,,-614,-543,1,0,,,,,,,,,,,,,,,,
,,,,,-596,-543,1,0,,,,,,,,,,,,,,,,
,,,,,-578,-543,1,0,,,,,,,,,,,,,,,,
,,,,,-560,-543,1,0,,,,,,,,,,,,,,,,
,,,,,-542,-543,1,0,,,,,,,,,,,,,,,,
,,,,,-524,-543,0,1,,,,,,,,,,,,,,,,
,,,,,-506,-543,0,1,,,,,,,,,,,,,,,,
,,,,,-488,-543,0,1,,,,,,,,,,,,,,,,
,,,,,-469,-543,0,1,,,,,,,,,,,,,,,,
,,,,,-451,-543,0,1,,,,,,,,,,,,,,,,
,,,,,-433,-543,0,1,,,,,,,,,,,,,,,,
,,,,,-415,-543,0,1,,,,,,,,,,,,,,,,
,,,,,-397,-543,0,1,,,,,,,,,,,,,,,,
,,,,,-379,-543,0,1,,,,,,,,,,,,,,,,
,,,,,-361,-543,0,1,,,,,,,,,,,,,,,,
,,,,,-343,-543,0,1,,,,,,,,,,,,,,,,
,,,,,-325,-543,0,1,,,,,,,,,,,,,,,,
,,,,,-307,-543,0,1,,,,,,,,,,,,,,,,
,,,,,-288,-543,0,1,,,,,,,,,,,,,,,,
,,,,,-270,-543,0,1,,,,,,,,,,,,,,,,
,,,,,-252,-543,0,1,,,,,,,,,,,,,,,,
,,,,,-234,-543,0,1,,,,,,,,,,,,,,,,
,,,,,-216,-543,0,1,,,,,,,,,,,,,,,,
,,,,,-198,-543,0,1,,,,,,,,,,,,,,,,
,,,,,-180,-543,0,1,,,,,,,,,,,,,,,,
,,,,,-162,-543,1,0,,,,,,,,,,,,,,,,
,,,,,-144,-543,1,0,,,,,,,,,,,,,,,,
,,,,,-126,-543,1,0,,,,,,,,,,,,,,,,
,,,,,-107,-543,1,0,,,,,,,,,,,,,,,,
,,,,,-89,-543,1,0,,,,,,,,,,,,,,,,
,,,,,-71,-543,1,0,,,,,,,,,,,,,,,,
,,,,,-53,-543,1,0,,,,,,,,,,,,,,,,
,,,,,-35,-543,1,0,,,,,,,,,,,,,,,,
,,,,,-17,-543,1,0,,,,,,,,,,,,,,,,
,,,,,1,-543,1,0,,,,,,,,,,,,,,,,
,,,,,19,-543,1,0,,,,,,,,,,,,,,,,
,,,,,37,-543,1,0,,,,,,,,,,,,,,,,
,,,,,50,-543,1,0,,,,,,,,,,,,,,,,
,,,,,-650,-790,1,0,,,,,,,,,,,,,,,,
,,,,,-650,-790,1,0,,,,,,,,,,,,,,,,
,,,,,-624,-790,1,0,,,,,,,,,,,,,,,,
,,,,,-598,-790,1,0,,,,,,,,,,,,,,,,
,,,,,-571,-790,1,0,,,,,,,,,,,,,,,,
,,,,,-545,-790,1,0,,,,,,,,,,,,,,,,
,,,,,-519,-790,1,0,,,,,,,,,,,,,,,,
,,,,,-492,-790,1,0,,,,,,,,,,,,,,,,
,,,,,-466,-790,0,1,,,,,,,,,,,,,,,,
,,,,,-440,-790,0,1,,,,,,,,,,,,,,,,
,,,,,-413,-790,0,1,,,,,,,,,,,,,,,,
,,,,,-387,-790,0,1,,,,,,,,,,,,,,,,
,,,,,-361,-790,0,1,,,,,,,,,,,,,,,,
,,,,,-334,-790,0,1,,,,,,,,,,,,,,,,
,,,,,-308,-790,0,1,,,,,,,,,,,,,,,,
,,,,,-282,-790,0,1,,,,,,,,,,,,,,,,
,,,,,-255,-790,0,1,,,,,,,,,,,,,,,,
,,,,,-229,-790,0,1,,,,,,,,,,,,,,,,
,,,,,-203,-790,0,1,,,,,,,,,,,,,,,,
,,,,,-176,-790,0,1,,,,,,,,,,,,,,,,
,,,,,-150,-790,1,0,,,,,,,,,,,,,,,,
,,,,,-124,-790,1,0,,,,,,,,,,,,,,,,
,,,,,-97,-790,1,0,,,,,,,,,,,,,,,,
,,,,,-71,-790,1,0,,,,,,,,,,,,,,,,
,,,,,-45,-790,1,0,,,,,,,,,,,,,,,,
,,,,,-18,-790,1,0,,,,,,,,,,,,,,,,
,,,,,8,-790,1,0,,,,,,,,,,,,,,,,
,,,,,34,-790,1,0,,,,,,,,,,,,,,,,
,,,,,50,-790,1,0,,,,,,,,,,,,,,,,
,,,,,-650,-626,1,0,,,,,,,,,,,,,,,,
,,,,,-650,-626,1,0,,,,,,,,,,,,,,,,
,,,,,-630,-626,1,0,,,,,,,,,,,,,,,,
,,,,,-609,-626,1,0,,,,,,,,,,,,,,,,
,,,,,-588,-626,1,0,,,,,,,,,,,,,,,,
,,,,,-567,-626,1,0,,,,,,,,,,,,,,,,
,,,,,-546,-626,1,0,,,,,,,,,,,,,,,,
,,,,,-525,-626,1,0,,,,,,,,,,,,,,,,
,,,,,-504,-626,1,0,,,,,,,,,,,,,,,,
,,,,,-484,-626,0,1,,,,,,,,,,,,,,,,
,,,,,-463,-626,0,1,,,,,,,,,,,,,,,,
,,,,,-442,-626,0,1,,,,,,,,,,,,,,,,
,,,,,-421,-626,0,1,,,,,,,,,,,,,,,,
,,,,,-400,-626,0,1,,,,,,,,,,,,,,,,
,,,,,-379,-626,0,1,,,,,,,,,,,,,,,,
,,,,,-358,-626,0,1,,,,,,,,,,,,,,,,
,,,,,-337,-626,0,1,,,,,,,,,,,,,,,,
,,,,,-317,-626,0,1,,,,,,,,,,,,,,,,
,,,,,-296,-626,0,1,,,,,,,,,,,,,,,,
,,,,,-275,-626,0,1,,,,,,,,,,,,,,,,
,,,,,-254,-626,0,1,,,,,,,,,,,,,,,,
,,,,,-233,-626,0,1,,,,,,,,,,,,,,,,
,,,,,-212,-626,0,1,,,,,,,,,,,,,,,,
,,,,,-191,-626,1,0,,,,,,,,,,,,,,,,
,,,,,-171,-626,1,0,,,,,,,,,,,,,,,,
,,,,,-150,-626,1,0,,,,,,,,,,,,,,,,
,,,,,-129,-626,1,0,,,,,,,,,,,,,,,,
,,,,,-108,-626,1,0,,,,,,,,,,,,,,,,
,,,,,-87,-626,1,0,,,,,,,,,,,,,,,,
,,,,,-66,-626,1,0,,,,,,,,,,,,,,,,
,,,,,-45,-626,1,0,,,,,,,,,,,,,,,,
,,,,,-24,-626,1,0,,,,,,,,,,,,,,,,
,,,,,-4,-626,1,0,,,,,,,,,,,,,,,,
,,,,,17,-626,1,0,,,,,,,,,,,,,,,,
,,,,,38,-626,1,0,,,,,,,,,,,,,,,,
,,,,,50,-626,1,0,,,,,,,,,,,,,,,,
,,,,,-650,-419,1,0,,,,,,,,,,,,,,,,
,,,,,-650,-419,1,0,,,,,,,,,,,,,,,,
,,,,,-637,-419,1,0,,,,,,,,,,,,,,,,
,,,,,-623,-419,1,0,,,,,,,,,,,,,,,,
,,,,,-609,-419,1,0,,,,,,,,,,,,,,,,
,,,,,-595,-419,1,0,,,,,,,,,,,,,,,,
,,,,,-581,-419,1,0,,,,,,,,,,,,,,,,
,,,,,-567,-419,1,0,,,,,,,,,,,,,,,,
,,,,,-553,-419,0,1,,,,,,,,,,,,,,,,
,,,,,-539,-419,0,1,,,,,,,,,,,,,,,,
,,,,,-525,-419,0,1,,,,,,,,,,,,,,,,
,,,,,-511,-419,1,0,,,,,,,,,,,,,,,,
,,,,,-497,-419,1,0,,,,,,,,,,,,,,,,
,,,,,-483,-419,1,0,,,,,,,,,,,,,,,,
,,,,,-469,-419,1,0,,,,,,,,,,,,,,,,
,,,,,-455,-419,1,0,,,,,,,,,,,,,,,,
,,,,,-441,-419,1,0,,,,,,,,,,,,,,,,
,,,,,-427,-419,1,0,,,,,,,,,,,,,,,,
,,,,,-413,-419,1,0,,,,,,,,,,,,,,,,
,,,,,-399,-419,1,0,,,,,,,,,,,,,,,,
,,,,,-385,-419,1,0,,,,,,,,,,,,,,,,
,,,,,-371,-419,1,0,,,,,,,,,,,,,,,,
,,,,,-357,-419,1,0,,,,,,,,,,,,,,,,
,,,,,-343,-419,1,0,,,,,,,,,,,,,,,,
,,,,,-329,-419,1,0,,,,,,,,,,,,,,,,
,,,,,-315,-419,1,0,,,,,,,,,,,,,,,,
,,,,,-301,-419,1,0,,,,,,,,,,,,,,,,
,,,,,-287,-419,1,0,,,,,,,,,,,,,,,,
,,,,,-273,-419,1,0,,,,,,,,,,,,,,,,
,,,,,-259,-419,1,0,,,,,,,,,,,,,,,,
,,,,,-245,-419,0,1,,,,,,,,,,,,,,,,
,,,,,-232,-419,1,0,,,,,,,,,,,,,,,,
,,,,,-218,-419,1,0,,,,,,,,,,,,,,,,
,,,,,-204,-419,1,0,,,,,,,,,,,,,,,,
,,,,,-190,-419,1,0,,,,,,,,,,,,,,,,
,,,,,-176,-419,1,0,,,,,,,,,,,,,,,,
,,,,,-162,-419,1,0,,,,,,,,,,,,,,,,
,,,,,-148,-419,1,0,,,,,,,,,,,,,,,,
,,,,,-134,-419,1,0,,,,,,,,,,,,,,,,
,,,,,-120,-419,1,0,,,,,,,,,,,,,,,,
,,,,,-106,-419,1,0,,,,,,,,,,,,,,,,
,,,,,-92,-419,1,0,,,,,,,,,,,,,,,,
,,,,,-78,-419,1,0,,,,,,,,,,,,,,,,
,,,,,-64,-419,1,0,,,,,,,,,,,,,,,,
,,,,,-50,-419,1,0,,,,,,,,,,,,,,,,
,,,,,-36,-419,1,0,,,,,,,,,,,,,,,,
,,,,,-22,-419,1,0,,,,,,,,,,,,,,,,
,,,,,-8,-419,1,0,,,,,,,,,,,,,,,,
,,,,,6,-419,1,0,,,,,,,,,,,,,,,,
,,,,,20,-419,1,0,,,,,,,,,,,,,,,,
,,,,,34,-419,0,1,,,,,,,,,,,,,,,,
,,,,,48,-419,0,1,,,,,,,,,,,,,,,,
,,,,,50,-419,0,1,,,,,,,,,,,,,,,,
,,,,,-650,-432,0,1,,,,,,,,,,,,,,,,
,,,,,-650,-432,0,1,,,,,,,,,,,,,,,,
,,,,,-636,-432,0,1,,,,,,,,,,,,,,,,
,,,,,-622,-432,0,1,,,,,,,,,,,,,,,,
,,,,,-607,-432,0,1,,,,,,,,,,,,,,,,
,,,,,-593,-432,0,1,,,,,,,,,,,,,,,,
,,,,,-579,-432,0,1,,,,,,,,,,,,,,,,
,,,,,-564,-432,0,1,,,,,,,,,,,,,,,,
,,,,,-550,-432,0,1,,,,,,,,,,,,,,,,
,,,,,-535,-432,0,1,,,,,,,,,,,,,,,,
,,,,,-521,-432,0,1,,,,,,,,,,,,,,,,
,,,,,-507,-432,0,1,,,,,,,,,,,,,,,,
,,,,,-492,-432,0,1,,,,,,,,,,,,,,,,
,,,,,-478,-432,0,1,,,,,,,,,,,,,,,,
,,,,,-463,-432,0,1,,,,,,,,,,,,,,,,
,,,,,-449,-432,0,1,,,,,,,,,,,,,,,,
,,,,,-435,-432,0,1,,,,,,,,,,,,,,,,
,,,,,-420,-432,0,1,,,,,,,,,,,,,,,,
,,,,,-406,-432,0,1,,,,,,,,,,,,,,,,
,,,,,-391,-432,0,1,,,,,,,,,,,,,,,,
,,,,,-377,-432,0,1,,,,,,,,,,,,,,,,
,,,,,-363,-432,0,1,,,,,,,,,,,,,,,,
,,,,,-348,-432,0,1,,,,,,,,,,,,,,,,
,,,,,-334,-432,0,1,,,,,,,,,,,,,,,,
,,,,,-319,-432,0,1,,,,,,,,,,,,,,,,
,,,,,-305,-432,0,1,,,,,,,,,,,,,,,,
,,,,,-291,-432,0,1,,,,,,,,,,,,,,,,
,,,,,-276,-432,0,1,,,,,,,,,,,,,,,,
,,,,,-262,-432,0,1,,,,,,,,,,,,,,,,
,,,,,-247,-432,0,1,,,,,,,,,,,,,,,,
,,,,,-233,-432,0,1,,,,,,,,,,,,,,,,
,,,,,-219,-432,0,1,,,,,,,,,,,,,,,,
,,,,,-204,-432,0,1,,,,,,,,,,,,,,,,
,,,,,-190,-432,1,0,,,,,,,,,,,,,,,,
,,,,,-175,-432,1,0,,,,,,,,,,,,,,,,
,,,,,-161,-432,1,0,,,,,,,,,,,,,,,,
,,,,,-147,-432,1,0,,,,,,,,,,,,,,,,
,,,,,-132,-432,1,0,,,,,,,,,,,,,,,,
,,,,,-118,-432,1,0,,,,,,,,,,,,,,,,
,,,,,-103,-432,1,0,,,,,,,,,,,,,,,,
,,,,,-89,-432,1,0,,,,,,,,,,,,,,,,
,,,,,-75,-432,1,0,,,,,,,,,,,,,,,,
,,,,,-60,-432,1,0,,,,,,,,,,,,,,,,
,,,,,-46,-432,1,0,,,,,,,,,,,,,,,,
,,,,,-31,-432,1,0,,,,,,,,,,,,,,,,
,,,,,-17,-432,1,0,,,,,,,,,,,,,,,,
,,,,,-3,-432,1,0,,,,,,,,,,,,,,,,
,,,,,12,-432,1,0,,,,,,,,,,,,,,,,
,,,,,26,-432,1,0,,,,,,,,,,,,,,,,
,,,,,41,-432,1,0,,,,,,,,,,,,,,,,
,,,,,50,-432,1,0,,,,,,,,,,,,,,,,
,,,,,-650,-377,1,0,,,,,,,,,,,,,,,,
,,,,,-650,-377,1,0,,,,,,,,,,,,,,,,
,,,,,-638,-377,1,0,,,,,,,,,,,,,,,,
,,,,,-625,-377,1,0,,,,,,,,,,,,,,,,
,,,,,-613,-377,0,1,,,,,,,,,,,,,,,,
,,,,,-600,-377,1,0,,,,,,,,,,,,,,,,
,,,,,-588,-377,1,0,,,,,,,,,,,,,,,,
,,,,,-575,-377,1,0,,,,,,,,,,,,,,,,
,,,,,-563,-377,1,0,,,,,,,,,,,,,,,,
,,,,,-550,-377,1,0,,,,,,,,,,,,,,,,
,,,,,-537,-377,1,0,,,,,,,,,,,,,,,,
,,,,,-525,-377,1,0,,,,,,,,,,,,,,,,
,,,,,-512,-377,1,0,,,,,,,,,,,,,,,,
,,,,,-500,-377,1,0,,,,,,,,,,,,,,,,
,,,,,-487,-377,1,0,,,,,,,,,,,,,,,,
,,,,,-475,-377,1,0,,,,,,,,,,,,,,,,
,,,,,-462,-377,1,0,,,,,,,,,,,,,,,,
,,,,,-449,-377,1,0,,,,,,,,,,,,,,,,
,,,,,-437,-377,1,0,,,,,,,,,,,,,,,,
,,,,,-424,-377,1,0,,,,,,,,,,,,,,,,
,,,,,-412,-377,1,0,,,,,,,,,,,,,,,,
,,,,,-399,-377,1,0,,,,,,,,,,,,,,,,
,,,,,-387,-377,1,0,,,,,,,,,,,,,,,,
,,,,,-374,-377,1,0,,,,,,,,,,,,,,,,
,,,,,-361,-377,0,1,,,,,,,,,,,,,,,,
,,,,,-349,-377,0,1,,,,,,,,,,,,,,,,
,,,,,-336,-377,1,0,,,,,,,,,,,,,,,,
,,,,,-324,-377,1,0,,,,,,,,,,,,,,,,
,,,,,-311,-377,1,0,,,,,,,,,,,,,,,,
,,,,,-299,-377,1,0,,,,,,,,,,,,,,,,
,,,,,-286,-377,1,0,,,,,,,,,,,,,,,,
,,,,,-273,-377,1,0,,,,,,,,,,,,,,,,
,,,,,-261,-377,1,0,,,,,,,,,,,,,,,,
,,,,,-248,-377,1,0,,,,,,,,,,,,,,,,
,,,,,-236,-377,1,0,,,,,,,,,,,,,,,,
,,,,,-223,-377,1,0,,,,,,,,,,,,,,,,
,,,,,-211,-377,1,0,,,,,,,,,,,,,,,,
,,,,,-198,-377,1,0,,,,,,,,,,,,,,,,
,,,,,-186,-377,1,0,,,,,,,,,,,,,,,,
,,,,,-173,-377,1,0,,,,,,,,,,,,,,,,
,,,,,-160,-377,1,0,,,,,,,,,,,,,,,,
,,,,,-148,-377,1,0,,,,,,,,,,,,,,,,
,,,,,-135,-377,1,0,,,,,,,,,,,,,,,,
,,,,,-123,-377,1,0,,,,,,,,,,,,,,,,
,,,,,-110,-377,1,0,,,,,,,,,,,,,,,,
,,,,,-98,-377,0,1,,,,,,,,,,,,,,,,
,,,,,-85,-377,1,0,,,,,,,,,,,,,,,,
,,,,,-72,-377,1,0,,,,,,,,,,,,,,,,
,,,,,-60,-377,1,0,,,,,,,,,,,,,,,,
,,,,,-47,-377,1,0,,,,,,,,,,,,,,,,
,,,,,-35,-377,1,0,,,,,,,,,,,,,,,,
,,,,,-22,-377,1,0,,,,,,,,,,,,,,,,
,,,,,-10,-377,1,0,,,,,,,,,,,,,,,,
,,,,,3,-377,1,0,,,,,,,,,,,,,,,,
,,,,,16,-377,1,0,,,,,,,,,,,,,,,,
,,,,,28,-377,1,0,,,,,,,,,,,,,,,,
,,,,,41,-377,1,0,,,,,,,,,,,,,,,,
,,,,,50,-377,1,0,,,,,,,,,,,,,,,,
,,,,,-650,-612,1,0,,,,,,,,,,,,,,,,
,,,,,-650,-612,1,0,,,,,,,,,,,,,,,,
,,,,,-630,-612,1,0,,,,,,,,,,,,,,,,
,,,,,-610,-612,1,0,,,,,,,,,,,,,,,,
,,,,,-589,-612,1,0,,,,,,,,,,,,,,,,
,,,,,-569,-612,1,0,,,,,,,,,,,,,,,,
,,,,,-549,-612,1,0,,,,,,,,,,,,,,,,
,,,,,-528,-612,1,0,,,,,,,,,,,,,,,,
,,,,,-508,-612,0,1,,,,,,,,,,,,,,,,
,,,,,-487,-612,0,1,,,,,,,,,,,,,,,,
,,,,,-467,-612,1,0,,,,,,,,,,,,,,,,
,,,,,-447,-612,1,0,,,,,,,,,,,,,,,,
,,,,,-426,-612,1,0,,,,,,,,,,,,,,,,
,,,,,-406,-612,1,0,,,,,,,,,,,,,,,,
,,,,,-385,-612,1,0,,,,,,,,,,,,,,,,
,,,,,-365,-612,1,0,,,,,,,,,,,,,,,,
,,,,,-345,-612,1,0,,,,,,,,,,,,,,,,
,,,,,-324,-612,1,0,,,,,,,,,,,,,,,,
,,,,,-304,-612,1,0,,,,,,,,,,,,,,,,
,,,,,-283,-612,1,0,,,,,,,,,,,,,,,,
,,,,,-263,-612,1,0,,,,,,,,,,,,,,,,
,,,,,-243,-612,1,0,,,,,,,,,,,,,,,,
,,,,,-222,-612,1,0,,,,,,,,,,,,,,,,
,,,,,-202,-612,1,0,,,,,,,,,,,,,,,,
,,,,,-181,-612,1,0,,,,,,,,,,,,,,,,
,,,,,-161,-612,1,0,,,,,,,,,,,,,,,,
,,,,,-141,-612,1,0,,,,,,,,,,,,,,,,
,,,,,-120,-612,1,0,,,,,,,,,,,,,,,,
,,,,,-100,-612,1,0,,,,,,,,,,,,,,,,
,,,,,-79,-612,0,1,,,,,,,,,,,,,,,,
,,,,,-59,-612,0,1,,,,,,,,,,,,,,,,
,,,,,-39,-612,0,1,,,,,,,,,,,,,,,,